timestamp,PM2.5,PM10,CO,NO2,Temperature,Humidity
2025-08-01 00:00:00,42.450712295168486,47.62730249985972,0.19486873708598101,10.149480911440822,31.318533388273345,69.95581514002029
2025-08-01 01:00:00,32.92603548243223,25.668597350897578,0.7525168206854365,24.462986691496546,20.768420112671322,77.03172609918037
2025-08-01 02:00:00,44.715328071510385,46.58299571628117,0.38962837082151064,13.944140353596094,27.717396893350465,43.61970942563983
2025-08-01 03:00:00,57.84544784612038,50.29161852258716,1.0116398571336505,23.653820595332622,25.99905216859357,42.13624534645314
2025-08-01 04:00:00,31.48769937914996,25.372521349230475,0.3871504802685223,20.071365339182172,26.32010040666835,53.779651944456184
2025-08-01 05:00:00,31.48794564576229,17.42133467728007,0.5369102606394074,15.230302903016776,31.361767500533837,65.82737583173865
2025-08-01 06:00:00,58.688192232610874,49.455859771501835,0.8084219905135752,17.964818435366098,28.66246051389901,64.96873590507597
2025-08-01 07:00:00,46.51152093729363,32.994674881130294,0.9012185776318247,23.431592284783505,26.443618314125118,70.69771454983851
2025-08-01 08:00:00,27.95788421097572,18.199151681202395,0.9123007153272795,20.52947226557617,16.72556281885852,48.003024716346914
2025-08-01 09:00:00,43.13840065378947,53.674818619867864,0.7416732461186285,22.922064902362422,20.199768523602682,36.83856137031123
2025-08-01 10:00:00,28.048734607813067,18.55474571949364,0.7048125051622924,29.882202922577427,24.38645533202138,68.58014195302145
2025-08-01 11:00:00,28.014053696446148,54.33787434482005,0.6185053898402366,12.178791941444743,25.466861871383255,51.71803727034765
2025-08-01 12:00:00,38.629434073490515,43.56261308229941,0.6556722152333275,28.08606287484312,19.34898137663038,39.81512135611362
2025-08-01 13:00:00,6.300796330133032,8.14915756708177,0.38976285673429334,20.521779687616064,37.058383377892106,61.450637459593814
2025-08-01 14:00:00,9.126232512304508,0.5426547104923731,0.33636022331553855,15.50607975838436,32.58197027626787,67.93175688218678
2025-08-01 15:00:00,26.56568706138541,33.568785855475326,0.4993251085178096,13.348431871305051,28.010591601962417,58.77942867878723
2025-08-01 16:00:00,19.80753319498364,14.051154932605902,0.4659630754950143,19.054398046114834,25.360184306418724,55.42151613817511
2025-08-01 17:00:00,39.71370998892911,40.933808135382726,0.40935439013454494,24.6082505596223,23.93895515049424,58.406377678540935
2025-08-01 18:00:00,21.37963886718184,46.98048424986979,0.6392774894913431,19.362254398112327,20.24040769988882,56.29417237599217
2025-08-01 19:00:00,13.815444479970626,12.854845482724127,0.6910610417141021,27.55577465123674,25.387402592594313,46.51952888059833
2025-08-01 20:00:00,56.98473153382331,68.47746479668007,0.5176813772583695,12.744121549742205,26.288762700713754,52.853193230095684
2025-08-01 21:00:00,31.613355492701967,24.581591241443093,0.7955060162110523,19.939555260769726,18.79119712259188,65.21279905013814
2025-08-01 22:00:00,36.012923070318855,35.663038165349235,0.271662177173299,13.738032777934404,26.670882086224488,63.216785413765
2025-08-01 23:00:00,13.628777206798148,31.336783563153247,0.4612681081440564,21.81815941312484,24.223704755876255,61.6805980596682
2025-08-02 00:00:00,26.83425913212226,20.564588554244587,0.35663553587943897,24.4344369504865,15.460962210613046,50.04851518146621
2025-08-02 01:00:00,36.663838845647994,54.78832442561728,0.12669267658538796,17.896191031594732,20.69807494610249,58.184968378643326
2025-08-02 02:00:00,17.735096338665457,24.81261569322021,0.48346386283146014,6.97893071686433,22.931972332891778,38.22934953557145
2025-08-02 03:00:00,40.63547027518508,35.0108025162424,0.4756504983233433,20.99474073398247,34.43843828670095,61.784766638853895
2025-08-02 04:00:00,25.990419651217927,32.31449704177314,0.8026899486484262,22.183692758667547,27.78276562266879,74.28857707813567
2025-08-02 05:00:00,30.624593753100847,40.35013824936814,0.6261623369109555,22.021473774808488,18.322592154500544,45.25867867957894
2025-08-02 06:00:00,25.974400816559047,32.19250043873101,0.29516263513415897,26.17891095911077,27.430181447088184,54.14072326682245
2025-08-02 07:00:00,62.78417276763407,47.0819255687295,0.8708185132668377,14.644731601754756,17.26348005530817,63.2910677871013
2025-08-02 08:00:00,34.79754162893099,27.52616987068231,0.7442067391050706,23.401080527252248,30.413455269435367,72.52842634427483
2025-08-02 09:00:00,19.134336065661493,16.659149710146444,0.6164195406937232,25.962537562389876,22.64437674091061,55.51775383699851
2025-08-02 10:00:00,47.338173681547836,46.59383939054737,0.45470318023003364,11.107062079967417,24.531819056304144,53.077496707341034
2025-08-02 11:00:00,16.687345250434667,22.894066225941447,0.308112152655304,21.598259129594886,31.62898323771095,40.31076857583917
2025-08-02 12:00:00,38.132953925071334,39.90996393440387,0.4255586447857894,17.479100844961643,18.56418215707875,61.03438129308106
2025-08-02 13:00:00,5.604948141803366,0.0,0.7177497239408372,19.59238663449177,18.014409074435044,80.42076040143743
2025-08-02 14:00:00,15.077209266523543,18.879187776583173,0.8769172611869218,21.738382417691682,22.082003368269977,62.77358461964676
2025-08-02 15:00:00,37.952918538036855,44.058775990875084,0.8086487056544378,17.56385717943224,30.191894255096585,59.77721020816287
2025-08-02 16:00:00,46.07699869993115,51.674903179241554,0.4022301156427452,16.62145960419194,17.403269622615788,63.22082310766986
2025-08-02 17:00:00,37.57052421784956,48.378331473395775,0.27607651334219774,20.170762087440124,10.839222009447155,59.88907996051398
2025-08-02 18:00:00,33.265275764176394,41.60449730966543,0.5281772493822408,14.563770305685987,22.744205707955008,51.8698562773987
2025-08-02 19:00:00,30.483444566160667,35.07524535844503,0.14631212688742967,14.570874355574073,27.7587039995546,68.23279915677705
2025-08-02 20:00:00,12.822170144488588,12.120513029902117,0.5646335428369563,23.396866414782515,31.001308748694147,62.25761523111754
2025-08-02 21:00:00,24.20233687407937,7.592727538919458,0.47047948274026624,14.25602982420672,22.684193189573005,60.176132519336576
2025-08-02 22:00:00,28.090418435603187,32.386600626929045,0.40679269962635156,23.33156250454606,22.942866964419988,50.2463397272175
2025-08-02 23:00:00,50.856833393283736,52.93371026491485,0.1810593865466409,22.312956464269757,30.769503671278734,73.03507931934759
2025-08-03 00:00:00,40.15427434352692,42.87006271548066,0.6027200213139433,11.370966356047017,15.651291501522897,66.6470274533311
2025-08-03 01:00:00,8.554397669558991,0.0,0.3934598320676177,16.612176738321725,23.057396124084953,54.47079162632698
2025-08-03 02:00:00,39.86125954092192,29.050694136839297,0.2660166328579424,25.97054701523686,25.95211944962529,70.01824853681937
2025-08-03 03:00:00,29.223765793755252,39.755294327084286,0.0,15.094172344301592,27.24609360642517,55.02429161614793
2025-08-03 04:00:00,24.84616999541062,24.45061845684407,0.49449701898987275,17.677978688453063,22.450966534045588,52.17996507488963
2025-08-03 05:00:00,44.175144332613016,50.99015130633926,0.8544503193339488,22.31030446625948,25.172205058529208,52.40296882519713
2025-08-03 06:00:00,50.46499283743927,50.74817659874388,0.832251842909574,23.91695254641298,12.558363232935053,42.28931446911909
2025-08-03 07:00:00,48.96920178674298,49.26676318170043,0.40858074868274563,18.74230556977752,21.70875793833076,64.71542380418205
2025-08-03 08:00:00,22.41173715166042,31.794575211420398,0.3795575879276439,17.01244902654179,27.26754356277234,41.6885512166165
2025-08-03 09:00:00,30.361814362231783,25.201367080058045,0.5937548512150048,27.111849308492538,20.088529828726603,47.71556168734237
2025-08-03 10:00:00,39.96895147105346,40.93015924046329,0.3003229121623417,28.694498318987897,25.294921107947985,39.24411990921467
2025-08-03 11:00:00,49.63317690683539,45.01042401978496,0.5603583799638931,24.894290253908977,27.23436250401349,59.13930307209107
2025-08-03 12:00:00,27.81238643232065,23.467424157997495,0.6532160556769381,20.42659071282512,23.287253995711175,58.49679539728128
2025-08-03 13:00:00,32.215115350042744,29.12339411535635,0.7453866447768616,15.958671391795368,25.852318854982855,56.73303786813636
2025-08-03 14:00:00,18.404975389909577,20.626313106246705,0.47996918470400946,15.847777967217173,20.186337173576938,49.57422305329423
2025-08-03 15:00:00,17.056900638789937,12.269414422155164,0.4592652499646068,22.61257052632879,23.966943601519766,48.2776624656336
2025-08-03 16:00:00,47.18788733591297,59.74544859164818,0.3244034826486878,22.09199110444342,28.051080847946114,64.64369863546574
2025-08-03 17:00:00,55.34360042856234,46.3975274063673,0.334623929192028,27.007992964732146,25.784864804842172,54.494480682915125
2025-08-03 18:00:00,33.91984817629499,32.0511317346814,0.45470422161969465,23.252250462680696,22.067343652180323,63.16358321536145
2025-08-03 19:00:00,50.052993468380365,45.65568288563861,0.5734731013632356,12.48459849120091,26.121082021453965,51.14751313875777
2025-08-03 20:00:00,40.424540375714514,54.89431921925184,0.6827169252466498,25.259738088614593,28.57304895318309,61.81062742771083
2025-08-03 21:00:00,25.323203680923136,27.288751446038884,0.339364209863931,15.009696863427935,14.75029360711261,73.03278037316063
2025-08-03 22:00:00,40.42093408262621,50.73937947731256,0.7985377137919043,18.08014364023824,30.79537032477949,65.86165800392783
2025-08-03 23:00:00,58.07054849698954,43.21494476661982,0.44577527979148623,21.251001031258472,23.31872630659464,55.875861817835194
2025-08-04 00:00:00,34.46260941335073,37.13311207204332,0.4957265411303128,29.978337448919824,27.12744966620115,62.571989703559275
2025-08-04 01:00:00,58.46965483721009,67.36596279344447,0.3505576641704353,35.549592780026806,30.98623461822614,57.59334825469787
2025-08-04 02:00:00,0.0,0.0,0.015151947945411637,23.033615295680914,18.14163151384767,60.07880184694728
2025-08-04 03:00:00,47.32853756562836,57.98334131628187,0.6768090792722099,19.084016906398062,21.452794987862266,56.743889478514966
2025-08-04 04:00:00,36.30570602357257,31.132821522568847,0.6473687794184867,22.672528242402752,23.557256520621475,58.356647941146086
2025-08-04 05:00:00,30.514889743011988,44.608364144867785,0.44373448857635733,24.43827712936918,21.081232394377857,62.12093353074175
2025-08-04 06:00:00,36.37641164803254,59.36539288422504,0.5133981434449744,18.396661872214043,33.67468287918404,50.06641300418049
2025-08-04 07:00:00,5.186466280986608,1.5580806765900168,0.6031878435408199,28.97605677956161,20.716139530866037,49.84121173010021
2025-08-04 08:00:00,31.70492168243732,27.2498964684296,0.18749082862269145,21.15035379595701,22.222266102565666,46.11457446168789
2025-08-04 09:00:00,40.3566885726762,54.89053334385321,0.39418946453074105,22.48871544545697,26.021945158014884,43.9972889549629
2025-08-04 10:00:00,57.16841067112274,72.96413212842987,0.6588529359243654,23.329621260272308,18.989252369619557,47.82717307779521
2025-08-04 11:00:00,27.22594672589529,21.997346454362606,0.2491421153661501,22.10793305307228,23.02159644121868,61.59462506804129
2025-08-04 12:00:00,22.872595956602186,18.670727785643614,0.5587115864333259,24.19470250234806,26.587266306250875,51.07212484508116
2025-08-04 13:00:00,27.47364434623195,24.655798257626877,0.22868363907531897,16.913734067265384,23.335697978087445,65.13614464231097
2025-08-04 14:00:00,48.731031765531114,35.28652665518834,0.5932859964867052,17.208491230269846,24.53306570550026,60.34713748752562
2025-08-04 15:00:00,39.93126664489527,30.744747180053285,0.4928717035405033,14.499228835141526,22.353339437758144,40.31495786561946
2025-08-04 16:00:00,27.05359694349442,17.01218927597374,0.1769736368188981,22.19750615310113,17.427648454096165,66.5497558422169
2025-08-04 17:00:00,42.699011496700344,35.02103584565906,0.7329478708914343,23.89468251756057,26.607966056696192,68.1079864559171
2025-08-04 18:00:00,36.456163240220604,36.10931436635279,0.35308168464039014,22.28886433075943,33.774665358236206,50.06137325165147
2025-08-04 19:00:00,49.52967485799334,51.871822183358546,0.3379495125971238,28.372462166737687,25.09200815391719,64.20191542894992
2025-08-04 20:00:00,24.469203591839715,39.974208519980486,0.5401138394461886,19.97201990585477,26.126320586237746,51.43501762590801
2025-08-04 21:00:00,30.085067801033475,20.101527393645565,0.729727469885743,23.343708277962563,28.463613775584296,60.97670376748336
2025-08-04 22:00:00,29.118377703017636,38.96160168778347,0.29683563620432063,14.54149561930343,18.653347517266504,47.35501593045034
2025-08-04 23:00:00,13.047275778018221,10.907387335763133,0.5123359699695943,18.064501487627997,33.51257329064803,42.06893547465423
2025-08-05 00:00:00,39.44180415596864,38.94716705944431,0.5857633000661147,23.47768878782889,26.01164398211401,56.17182810387031
2025-08-05 01:00:00,38.91582908269834,45.66402400436438,0.6386211214526288,24.245510553715718,33.15928449544555,58.762710537251635
2025-08-05 02:00:00,35.07670184963691,23.849481634013927,0.535288311055445,18.530165261679088,21.334835022380055,56.02320306385396
2025-08-05 03:00:00,31.481192999372794,35.3052904612133,0.42659443218333554,19.642003740709665,34.09030961278913,48.1596944177744
2025-08-05 04:00:00,13.769438869243785,15.433960951374345,0.3344819558702561,12.410631266595953,28.875777470173915,56.00100937868863
2025-08-05 05:00:00,28.690320158519615,33.61483279860111,0.5172287766092749,18.214853995966955,27.765200429261792,62.69294752580734
2025-08-05 06:00:00,29.85928225209846,32.75096869117664,0.2855721976028786,24.45191581759893,26.17012227176574,59.55106969877463
2025-08-05 07:00:00,22.965840961675717,47.51884236078466,0.0,22.87602508053283,23.757356909627752,61.82501030599214
2025-08-05 08:00:00,32.580714325009865,26.203314482496705,0.5873119608315336,22.50332860690605,31.00265829236936,53.29884799545767
2025-08-05 09:00:00,41.060762852218076,35.7507933021999,0.680786968217239,20.2488684359048,25.701799349240236,71.7171791471616
2025-08-05 10:00:00,63.29278851815795,57.06138325391031,0.027413512891632297,20.03531579314088,15.164651482064238,48.238266634452195
2025-08-05 11:00:00,37.61866719247759,32.06389600087504,0.2980538590580125,16.698394302632764,19.414067691464986,64.87560297086719
2025-08-05 12:00:00,38.86325586084146,32.489384587776286,0.6238308522010396,23.494142101012674,24.070771239036265,71.81891092959961
2025-08-05 13:00:00,33.883311263507494,45.773476574583015,0.9114990939423397,22.10486472194695,26.549994915827774,64.80908092748895
2025-08-05 14:00:00,6.218431770514378,20.423474250412927,0.5041587415350816,22.460094239963997,24.71705755550052,57.9747577293517
2025-08-05 15:00:00,34.602291868261744,28.894828930766984,0.3543994117541731,17.369825786662098,31.094853948968314,54.71702953337021
2025-08-05 16:00:00,35.9034531491154,27.579897418073113,0.463420711779032,9.233285400643778,15.244490679806876,70.36087651046256
2025-08-05 17:00:00,71.94863168727929,76.66278725114333,0.774975283829637,25.48576355876848,25.717939682525802,45.77025074738327
2025-08-05 18:00:00,32.114585528283165,26.59235508547345,0.37080716417509296,17.605812719957978,15.910103873064227,50.29875739620356
2025-08-05 19:00:00,39.523210135004184,45.85252831255929,0.34016159866994927,15.686121179784397,28.79856147742084,56.02442234508278
2025-08-05 20:00:00,34.47932345442135,36.50855366293435,0.4034512955635935,23.467394559569968,24.527706427789987,72.37653757511998
2025-08-05 21:00:00,17.46982943570702,2.3123882857347002,0.30933427834825755,18.03993680040435,27.09804986012059,63.79767636040896
2025-08-05 22:00:00,52.14234221772531,67.61739423102593,0.5245340631989591,25.29968192023311,20.68058519705117,50.31954241489755
2025-08-05 23:00:00,46.27899549030161,64.23777222125683,0.8249356916939121,23.08502974788349,31.397324658288756,56.896922946150966
2025-08-06 00:00:00,46.865479205645705,40.73759230080184,0.5646158546232058,23.417846616002386,30.208623320294258,53.85676855903706
2025-08-06 01:00:00,21.359188178078917,17.482172578719076,0.44952929957474247,13.170221443997328,27.917721515059437,52.90211007766465
2025-08-06 02:00:00,56.041914664041485,58.900568571290535,0.44163774621689117,26.059719926932004,24.352413765682797,69.78889558556779
2025-08-06 03:00:00,13.972234058115788,17.316801957986037,0.18736183826066855,21.30625265616928,27.899286426475662,46.282568707364945
2025-08-06 04:00:00,43.80285640700406,50.38829913373236,0.6766219554294318,18.153614303768983,21.465537160063256,76.08780855734373
2025-08-06 05:00:00,67.85683438714968,87.95887977481317,0.4844325605974396,20.716942336711256,29.27777829510356,68.28229690184622
2025-08-06 06:00:00,20.141955123039676,18.37248284809918,0.46390401728187486,11.118823835508401,33.2474044716196,70.90861670603698
2025-08-06 07:00:00,26.50553405595842,18.522561610573884,1.1386215135689723,22.043264057403356,30.35305279989593,55.37060487974742
2025-08-06 08:00:00,36.49477047631462,22.70157819616935,0.5597505816731373,14.853142459089643,21.351987650962954,58.500592809208904
2025-08-06 09:00:00,27.447865188257012,20.138564788837822,0.3496417899809631,13.236648570782329,26.807086586365514,45.66848185475288
2025-08-06 10:00:00,11.740048534008011,11.40877880527004,0.41472848075889135,12.388204068910545,18.53429228120676,54.753375929331966
2025-08-06 11:00:00,36.02844462209041,53.974023257268286,0.729689141839351,25.563441874949625,27.861951555878377,64.93654847643151
2025-08-06 12:00:00,19.065444294108428,13.889331303746713,0.5226540821075529,16.853683031536058,27.253017064312694,72.96063061781396
2025-08-06 13:00:00,42.10388645952772,44.34176597591671,0.21234440433652663,27.668638549582496,15.65091830233918,48.92843183197549
2025-08-06 14:00:00,21.208636486492953,21.044407525765433,0.6838457869150407,17.32099268473851,19.19108078043818,56.34494063014734
2025-08-06 15:00:00,58.24901607526309,70.13294880974394,0.36637118289220116,11.463210212035266,23.584305516281166,58.48700779767478
2025-08-06 16:00:00,23.251200614956446,48.520524873692665,0.8746595552435091,14.417377800256705,23.495701264295867,46.04210797807515
2025-08-06 17:00:00,30.169077256914868,24.86038952771166,0.7160096131429297,26.179058100034695,18.952615322905974,65.913492417584
2025-08-06 18:00:00,47.202758260545046,42.308363835362826,0.41053562086824974,19.220509110316662,26.944893646760917,52.76009668257391
2025-08-06 19:00:00,16.53703525349067,26.978644024181392,0.7562032723470227,17.258563517546996,26.25736804470256,58.04609648822976
2025-08-06 20:00:00,38.41189901906194,45.23081391532506,0.5135711021054806,20.80009112926394,24.028654340107405,55.48050628088122
2025-08-06 21:00:00,54.60714131423642,73.07421457159676,0.6705547350244438,22.508913680837725,21.221042499208185,52.106614942803255
2025-08-06 22:00:00,10.887751481581589,16.727033334841227,0.596946563458895,25.586994079512305,30.243535632082818,59.929550145194455
2025-08-06 23:00:00,37.769507877984566,34.17658697011397,0.3307286690018253,27.242496149464632,33.27703556544148,57.84390421431978
2025-08-07 00:00:00,38.89824191372635,44.804790220649444,0.3712900335365076,18.20115677105457,22.582192580767316,56.281421177213346
2025-08-07 01:00:00,46.72734307665966,57.81437888248874,0.7059921635162323,13.369761569589809,21.939165414225897,52.71538378319657
2025-08-07 02:00:00,16.445739336828773,24.650561148802414,0.43304493357869184,17.93267419438362,27.456038327059982,63.195246707829554
2025-08-07 03:00:00,15.193150803735854,20.26589111480883,0.41927030735160065,21.30140253291443,23.209853101265068,76.53617268492285
2025-08-07 04:00:00,42.829123484253465,53.49587038014501,0.30897548413012943,15.181205368946944,24.30301399668383,61.39887232839127
2025-08-07 05:00:00,39.45477009849779,51.14772600295451,0.5847198131186923,15.214245425524785,28.698265758623357,69.9611821491113
2025-08-07 06:00:00,38.75739275518815,52.57898266556342,0.912504983848629,21.718939407749428,15.453219562463536,46.097780748465375
2025-08-07 07:00:00,40.19672314245464,46.683822018351066,0.28649341714914545,19.756738242147744,31.591511624263347,61.5776143929377
2025-08-07 08:00:00,24.79962917632264,23.128448373154097,0.5048438913345517,20.163984977057932,25.363402621646706,49.02631681028933
2025-08-07 09:00:00,38.48380545741505,39.95094232174828,0.7824441110830859,16.207523326499654,22.9425342771891,45.23075072468099
2025-08-07 10:00:00,39.39608709948022,51.46117676456379,0.484071721750857,18.847996428971165,24.553829228892756,52.60628592540964
2025-08-07 11:00:00,24.28472872960448,16.11537201973212,0.5904743592499468,15.378834278658477,24.812146775102594,71.91899334413573
2025-08-07 12:00:00,62.986617667171345,66.67335075590036,0.287521294370624,24.450992055623935,16.343993482775375,69.50015828669646
2025-08-07 13:00:00,42.10749381367681,38.1741056904032,0.5856614194415297,25.176246673618763,32.47469113726618,62.430047220544
2025-08-07 14:00:00,17.130447541960272,17.417895771308448,0.46257114699909024,10.769060688809532,25.20662816135309,44.672994401100695
2025-08-07 15:00:00,44.84830412950745,57.632822755580435,0.6971459991359726,15.35244569903795,27.215010652236877,58.03719348612063
2025-08-07 16:00:00,20.379774946590178,22.290765626789213,0.7374772103129502,12.517353724549604,29.757748852870215,63.01700008901736
2025-08-07 17:00:00,46.806269056136784,47.27063453769827,1.0179127284037228,16.74988032796551,19.894187712198498,61.75536229578598
2025-08-07 18:00:00,52.378933685111065,38.780372275311876,0.6159266346427151,19.582810151048196,27.367359495176142,41.56206416519254
2025-08-07 19:00:00,22.689765224724344,30.15230088499655,0.5651592633164333,12.751773901507349,23.661794545506034,51.09682151980128
2025-08-07 20:00:00,49.45064193866483,55.90548375007558,0.5388768603154672,15.390700934373434,29.23385387608247,59.35922235851283
2025-08-07 21:00:00,41.191713904047475,62.82426113710208,0.42936674143786235,14.980213139592507,14.363862898242523,65.3629090951719
2025-08-07 22:00:00,47.33090239991735,44.25312005038734,0.5676967686923382,21.03633664699472,24.504528498793654,38.03872178900053
2025-08-07 23:00:00,63.451894739809205,65.6433980164486,0.4409197179721941,20.34672168518125,21.98589672108019,58.37876024520141
2025-08-08 00:00:00,31.319178259956942,33.81301509706449,0.5336921952539229,16.391312233313734,27.161314753170778,61.43048769878952
2025-08-08 01:00:00,23.693957534637654,39.468490332272395,0.7635195071215919,20.88410436069699,27.350220936841012,68.49611988516213
2025-08-08 02:00:00,21.65728355561715,20.704328231747628,0.29869148694407177,17.266599577063673,21.46187052588987,66.92857584237437
2025-08-08 03:00:00,22.762845725518424,25.553060983221815,0.727975712225809,18.641724448369732,21.43913067911978,65.82571318808806
2025-08-08 04:00:00,33.843474358788434,39.92243945595383,0.7634230134679731,28.367260451492683,24.446673157213354,52.00059493298066
2025-08-08 05:00:00,40.117279622249654,41.983370853813234,0.4763862946017843,26.70230525895174,20.516788863423958,40.91997862876693
2025-08-08 06:00:00,39.150361989950284,34.686025844445,0.07562902019828105,13.502093815362013,29.209918477260636,56.06947242938599
2025-08-08 07:00:00,47.40774873554036,49.34864866452344,0.37843560258111353,24.148662089395874,23.15396399776277,70.0163182520856
2025-08-08 08:00:00,35.19502837816861,45.93134587676633,0.7593989093122219,24.05698277245796,10.465058903391792,73.93454527524432
2025-08-08 09:00:00,56.80301115735975,46.53785816324915,0.49542638754022356,14.258683556236909,23.12588971689097,67.10549102297786
2025-08-08 10:00:00,31.03014750143066,32.35984424289942,0.30013955354101785,24.093888218774303,19.80728089578014,64.29340822801734
2025-08-08 11:00:00,75.80253749884429,68.80132934945256,0.3990450157543565,27.689659592062764,16.843620922695273,63.79639648385965
2025-08-08 12:00:00,44.385010216475095,56.33547650572352,0.6681240053009107,14.387275968777931,18.812866808887136,54.43881253239219
2025-08-08 13:00:00,22.142636653755762,6.910767605918014,0.6093467136402759,15.412485894928682,25.547042359164852,58.6993970644638
2025-08-08 14:00:00,18.936612529083316,13.347394056367433,0.4522135801660611,25.08830733421751,31.643204141241156,76.6906952582633
2025-08-08 15:00:00,42.23708622864778,46.00920497929299,0.42663511763706247,21.35747655412824,26.565922369324902,50.574419942081235
2025-08-08 16:00:00,31.648058220112237,47.30329851245564,0.42164837019123563,22.757381376197618,21.967483058921303,76.14778790709852
2025-08-08 17:00:00,45.71000741138138,45.052504800651505,0.31551796310029945,21.702946082002484,27.279520975853515,56.77971845507942
2025-08-08 18:00:00,42.09856436860317,36.54656910167119,0.8230751378938883,21.95347960464072,22.70454844890504,73.25432109095078
2025-08-08 19:00:00,33.90756631014691,52.71913700455281,0.435535906157732,13.367639358444585,21.526998154184277,45.93184990502462
2025-08-08 20:00:00,22.298094228973923,7.817955224811483,0.7434317041650993,25.23658853310724,19.228186658835078,65.8590420116465
2025-08-08 21:00:00,12.277291629712032,0.0,0.8042632103844902,25.84794996213887,16.240855966241405,52.63229864052378
2025-08-08 22:00:00,28.302275718994686,32.70242021952801,0.6996621796295921,18.85304627965986,23.050381467202772,45.847328080758125
2025-08-08 23:00:00,47.84598191485209,42.82543967132598,0.4136759374563903,19.78261525093069,25.79026744960066,62.185340424109455
2025-08-09 00:00:00,38.21140616195306,27.999077990645926,0.5807460180673218,12.344462487221389,24.51688164992555,70.09471788595968
2025-08-09 01:00:00,16.31391831932018,23.397482792313713,0.49516087872181674,22.571273780089175,22.920165360263205,51.550585614065035
2025-08-09 02:00:00,37.59771388776773,40.03572102547972,0.3192596278539743,22.86028720857072,20.271269696516093,45.00984039541599
2025-08-09 03:00:00,40.77976069593255,35.138974388565266,0.5648718563443206,19.689044915003446,28.041230958424844,59.08155235665045
2025-08-09 04:00:00,21.742138456983007,8.939094470274062,0.26419204176803945,25.621766799352514,18.414340400267076,59.12564671222819
2025-08-09 05:00:00,37.305876589182915,46.03044987198436,0.7375358776923128,18.329613845100297,28.880139569217377,65.48319627554498
2025-08-09 06:00:00,35.87313077669,42.37514255627661,0.4070765405403214,22.823029629468003,19.988914905366375,69.49594571364489
2025-08-09 07:00:00,17.855445532540653,16.863686894746824,0.5402319311745678,14.901678306539422,21.237823813234826,59.40584818727506
2025-08-09 08:00:00,40.36681040522425,58.83318036570091,0.5566575743092285,19.88223924562881,17.666074046921615,78.55503314794262
2025-08-09 09:00:00,43.41176789552352,32.71092023226199,0.4482190052591845,19.12822871048582,22.492989265571815,62.24234744535292
2025-08-09 10:00:00,51.245768647629156,35.99051693838177,0.617338760295055,21.12653961020471,29.876562292389895,56.535734939931004
2025-08-09 11:00:00,50.80703078052355,43.887950081711104,0.4050192686754951,18.152365355833208,27.578140442219784,43.88432640897172
2025-08-09 12:00:00,14.334959480643633,13.879099317088654,0.6742594594914488,19.34263702164166,29.892110560140175,57.37340479683832
2025-08-09 13:00:00,20.93262440127316,23.366018894500076,0.23080406395065028,24.13023585720753,27.61071272966968,56.63613054588864
2025-08-09 14:00:00,42.7255290081299,40.313168429566595,0.5252759159092824,17.81617881380891,19.481650857348153,69.6030479628147
2025-08-09 15:00:00,42.706789263683135,46.2273432288261,0.887785799811657,11.967114496306603,23.346053878362213,64.62483624066854
2025-08-09 16:00:00,42.72571529459072,30.210321052686282,0.29993373507888504,28.747919521027104,21.099004354412685,48.206308783673826
2025-08-09 17:00:00,92.79097235982081,107.22861840055342,0.36445100589502966,26.907270393452432,31.6528745201952,61.72254386411038
2025-08-09 18:00:00,43.56335766039751,42.74184587647182,0.602781569931783,13.538686524471906,19.01605676786844,66.71531171729053
2025-08-09 19:00:00,52.03348460270898,63.206442918590255,0.5359163563879196,23.448539026225973,29.468488446945553,75.28031359387833
2025-08-09 20:00:00,49.310026452398034,52.737279916175076,0.5701260198547118,17.485126147243285,29.464769350543847,68.8750396741406
2025-08-09 21:00:00,44.77086876958697,49.338400961124805,0.5978374260295327,21.317436076655298,34.14810100858044,67.60846654311477
2025-08-09 22:00:00,30.270961330394815,35.96863413271686,0.6269442937123539,21.47112064506747,22.951567036852513,60.60085994615164
2025-08-09 23:00:00,46.38453830739901,50.86162390757216,0.7219399683912446,18.82796099841839,28.561610797900812,63.883120054234496
2025-08-10 00:00:00,23.407621781936424,29.834849380611864,0.5819637313857025,16.081171672068017,36.40825918269421,72.49504900706158
2025-08-10 01:00:00,31.447720898899867,44.73924620022418,0.4517484690762915,16.547294738418703,21.911791615331516,46.6722260252035
2025-08-10 02:00:00,27.719546782563448,29.68475847957815,0.6345147402405462,15.419040422593788,17.3247987623382,56.50560672783044
2025-08-10 03:00:00,36.22811209079484,43.31814966667996,0.8799763869790431,15.840888958847776,15.599949830461181,52.27431251243759
2025-08-10 04:00:00,69.71987850010262,68.82252155723036,0.4734732507234853,19.664108549753223,28.563560144306656,63.79153118726124
2025-08-10 05:00:00,6.99102211112378,21.392194265618507,0.3050941390658717,16.421200054446242,15.58424895970708,72.30222175650788
2025-08-10 06:00:00,45.2939028556177,38.529979835025,0.7214161338573946,23.410260328563098,23.138404735310385,54.03025713278926
2025-08-10 07:00:00,10.809261932155223,28.81866626126338,0.47592376720928037,27.436230776679636,27.186565935194803,36.09695632530562
2025-08-10 08:00:00,27.9210220131585,27.519442506715066,0.06546609079719273,17.099733793149785,25.92587768414957,55.8777925497553
2025-08-10 09:00:00,51.33425895451049,37.02650793333001,0.6694843354300843,21.197022502676884,27.12722432092086,69.13473732017407
2025-08-10 10:00:00,35.96420028643194,37.24524443553983,0.39293436280921545,22.498425551514668,26.11144927900427,65.3762990294988
2025-08-10 11:00:00,18.83382833106041,12.023311756311601,0.48189334353916785,22.360011354596374,31.394329066566968,64.28186247810577
2025-08-10 12:00:00,24.270444361100477,32.67687985098772,0.5663960661138029,20.379776339580438,20.238418096306013,57.200066981255205
2025-08-10 13:00:00,45.19396623402014,38.667726440996226,0.5380999359558133,23.713412091798613,21.615024307707344,47.209692637802135
2025-08-10 14:00:00,24.04450052424295,19.582666192095154,0.6418903634278079,22.411244763403285,21.13670277364588,65.15294321624468
2025-08-10 15:00:00,38.246878843729625,19.351471534274317,0.41290272588603133,13.811687888363512,29.150959059313053,51.65718189965375
2025-08-10 16:00:00,35.68357759855721,31.16051440606644,0.6026211596352166,24.345780321946364,29.501992941975317,81.84096733380457
2025-08-10 17:00:00,25.225994785912743,0.9872015196231771,0.44809066448321655,24.436454186333712,27.25612659659254,65.70507208354516
2025-08-10 18:00:00,67.15916133987989,51.320133105022656,0.6477620961775006,16.183569479107092,30.917468334449637,54.19351697446049
2025-08-10 19:00:00,44.50878533477017,52.11293189621314,0.6230734968026107,20.18968917723801,19.109795663118096,53.88614752611372
2025-08-10 20:00:00,4.622861200135894,12.480862786644217,0.31291225959108093,23.416644964055347,33.336120557755685,59.070557933864116
2025-08-10 21:00:00,37.796814721541416,42.05139033939106,0.7171964232350064,18.953430902103193,32.61619310856129,57.6049807797825
2025-08-10 22:00:00,25.073203028474182,15.403441597182052,0.3928073109771904,25.364890238830057,28.678109986228733,71.16833775529955
2025-08-10 23:00:00,47.78650002194336,47.30938646052356,0.6616115596562291,31.819362473096803,33.9089945438553,61.864161697440466
2025-08-11 00:00:00,23.112188923509493,23.076163532603807,0.5734574626802681,16.070069836825088,16.71688396161113,52.683682610914715
2025-08-11 01:00:00,33.278953377996515,21.69530648607109,0.8676367353590245,13.094776984231125,22.377759318686742,78.90440685155782
2025-08-11 02:00:00,42.57480918470686,57.60879220237837,0.4553068035256296,21.51909297802438,21.32348269659024,60.49308331520223
2025-08-11 03:00:00,47.98632791255182,56.75995081830854,0.4301366407763605,23.607812525630717,28.607396618786716,67.68839675968897
2025-08-11 04:00:00,16.995553894163358,14.785912155866718,0.49611607882245345,18.845668130776154,19.749296301989272,53.91773492555241
2025-08-11 05:00:00,29.982481462385774,30.251339852331082,0.4393640434331449,27.26630331660517,28.787475746687427,63.631156277445236
2025-08-11 06:00:00,27.875820332585658,29.95964841206118,0.65998838038841,13.306971001383756,31.852680719983567,63.11109991143195
2025-08-11 07:00:00,25.200061511394324,4.782712827151418,0.1767378783126824,23.464593115158056,28.476014500419996,41.10350707903847
2025-08-11 08:00:00,61.481813604216455,59.010039779010484,0.2892635161707292,16.970695896205534,26.418755118307505,80.15275110460641
2025-08-11 09:00:00,41.07472566441433,34.254883184436345,0.28643941568416137,28.59688953103648,20.060633295496253,72.90644460922547
2025-08-11 10:00:00,16.086740684974323,6.070540586025167,0.6900615183947152,29.96257676584059,20.765745169373176,56.02804683854012
2025-08-11 11:00:00,48.767929205821645,45.95692627696209,0.842122674516385,16.16671706108326,31.248094526483335,48.977302595441444
2025-08-11 12:00:00,66.8323429551895,84.80920822368472,0.4791101562925057,17.2522143204571,28.896745019526662,63.47561613803552
2025-08-11 13:00:00,50.486978908267204,56.895407520937304,0.46623565536199785,24.29793943489901,24.80490240311228,60.86697699414397
2025-08-11 14:00:00,12.209450510689798,6.49766061286183,0.5140104326226362,18.064346751052426,22.91045227117055,63.55668948563229
2025-08-11 15:00:00,27.73648890700623,33.46231672056781,0.732375660521638,19.77294391033881,14.870960634443115,61.91577396194089
2025-08-11 16:00:00,54.00366723779934,67.99722160365937,0.3145293731618852,20.12694210271205,19.645737906577807,65.06240989305925
2025-08-11 17:00:00,24.38495801571829,33.63129484484598,0.547673796546957,10.401634219011719,34.55709543569861,74.47305699391806
2025-08-11 18:00:00,41.657291422193424,42.253595121395165,0.695039525956486,19.930811269528814,18.597722144987667,65.68103205128646
2025-08-11 19:00:00,46.61951080144005,40.15014302438431,0.600218833987969,16.55136112967913,25.947399106105404,49.50344501090059
2025-08-11 20:00:00,21.096042926328757,28.078276062464656,0.5379163233197487,17.53438588800114,30.03721986597599,73.62562852712452
2025-08-11 21:00:00,34.107119659073,38.04197351329049,0.7002092185134282,27.21816001734407,18.725386659988537,76.40614563488288
2025-08-11 22:00:00,0.0,0.0,0.0,13.717465528603718,25.923552373905416,91.52056734512085
2025-08-11 23:00:00,19.634185379985652,25.985903396805348,0.6355750639061816,24.066025933739887,29.689577687553275,48.76505966760402
2025-08-12 00:00:00,31.211477729102597,41.70700488229595,0.3691848633745152,18.605185348340957,25.06249660953625,62.42882013150275
2025-08-12 01:00:00,16.283252270527257,10.930900154921577,0.1338734206287086,18.601199157520828,39.34201527833384,39.17901296811013
2025-08-12 02:00:00,59.486169558974524,72.66011021531779,0.6022405199049962,23.951859480258555,16.65700370560902,65.53149156379209
2025-08-12 03:00:00,13.547879330590511,15.523875377514507,0.7747317090325916,21.70025647284445,30.293642649419397,54.517997018332274
2025-08-12 04:00:00,28.399332699545244,49.1519414257979,0.4725102970744616,22.853064986097657,24.135991313017676,79.23445794824953
2025-08-12 05:00:00,36.96110865929137,30.06923047839569,0.6905749094405877,24.840923302664304,28.859600774183377,52.25385029981418
2025-08-12 06:00:00,56.619099335991734,73.97873736764423,0.822455651597729,18.343458084083387,27.20653575849623,43.10816962032739
2025-08-12 07:00:00,13.462067732308409,15.441175566934886,0.7629828907168095,16.938816327461247,21.334219014450017,55.2873625929748
2025-08-12 08:00:00,52.447456282324396,45.933276246179915,0.8279929058742785,14.57424736721101,26.1449819622967,40.24512228782862
2025-08-12 09:00:00,35.1534959152938,30.314637574750588,0.6484254982143784,15.872947350105225,15.710492743008563,67.5109945450731
2025-08-12 10:00:00,20.27737023428074,17.073897152337537,0.5150867277803186,34.745472126543625,28.016237502856967,39.349169537436794
2025-08-12 11:00:00,41.93155211394906,46.173211577968225,0.17960683762056628,26.22339790368393,26.49079232995263,60.28457581183159
2025-08-12 12:00:00,37.98589543360205,43.21425031395705,0.4507875023740103,13.244628168959894,28.19330084321551,39.22188180143803
2025-08-12 13:00:00,25.99674684261808,20.25974680323229,0.3313506809367617,13.38771021628215,30.290591625435752,56.79702195463358
2025-08-12 14:00:00,36.04703127485028,35.80348535224046,0.9341885434995627,22.40933030859246,26.838099201048554,76.43378155804534
2025-08-12 15:00:00,29.220296047073596,50.64299963319223,0.4648228375135327,22.736323986889836,25.740447098991382,63.60647891435795
2025-08-12 16:00:00,36.70276017876872,53.978191879775835,0.5246409613568971,22.744419176586824,20.59465831669354,51.36506395035066
2025-08-12 17:00:00,44.9319601178157,49.29519681455602,0.6102970752080935,18.72522103223151,21.438896181754746,59.68796511060916
2025-08-12 18:00:00,58.79025224218028,59.170287023862286,0.5087204892744908,19.372728699985498,30.933673100886654,60.18016872044446
2025-08-12 19:00:00,16.432767517597263,17.633080784779875,0.8390102080861506,21.639397620796785,32.18167702852989,64.72630345843406
2025-08-12 20:00:00,66.995500619844,73.13068034714816,0.3754701276531096,20.429465031466652,23.80944781843973,46.331416367191736
2025-08-12 21:00:00,5.718683007162472,0.0,0.5389214910474486,8.903498136262325,25.230013736266372,65.92567273847331
2025-08-12 22:00:00,32.72322357446625,30.1494582002328,0.3515058828603903,18.85100184712403,20.47692812503117,32.95608368397225
2025-08-12 23:00:00,43.82475809726865,27.138917358492755,0.23599549775585882,15.742967828698433,30.863784226337224,53.70115447636189
2025-08-13 00:00:00,39.21487801602549,43.20710924207828,0.37764618181894294,20.87605709454256,28.32708411845889,55.117261575484555
2025-08-13 01:00:00,25.659507202691096,32.13146659971851,0.4925926405903176,34.926295013017054,34.70608718231875,66.33326826071239
2025-08-13 02:00:00,31.878166244640873,27.04630162164713,0.414139555096548,21.83740832737152,20.608384614101304,60.22630852676869
2025-08-13 03:00:00,27.604985980117508,43.34485361301783,0.36151580402522876,18.43235156913801,23.109960504908916,45.944369461437134
2025-08-13 04:00:00,26.15952864583683,13.901872015813417,0.2187365072656332,24.60900750988626,26.157229612627862,50.15006874182985
2025-08-13 05:00:00,47.744031455315366,33.100282653217164,0.48337888547426106,22.413439436046062,28.232447688628852,61.98680009547407
2025-08-13 06:00:00,40.35523228947571,42.59975047507543,0.19905592519379955,22.100472452259208,23.92166181226184,59.20932658135444
2025-08-13 07:00:00,24.606356071090186,35.077339097211734,0.6520111927379205,23.034252966078355,20.635194547731498,54.20875890364253
2025-08-13 08:00:00,48.493998131498756,65.33327504607745,0.5164879505869007,30.282717824147706,29.407037644617855,55.19166210488021
2025-08-13 09:00:00,39.60949281314914,35.02065018445974,0.2084897001070139,14.345557823370422,28.605676812727907,66.96167997159289
2025-08-13 10:00:00,47.1929317825844,57.97974011689736,0.4381581845900273,22.368160384057273,20.418629497181374,54.82307427130785
2025-08-13 11:00:00,44.44443262885419,44.059347933847114,0.34956871888188334,15.368094350092308,31.77721400552748,59.119087559709264
2025-08-13 12:00:00,22.565074836168918,20.838801836760723,0.5638349020838361,22.77756323171124,30.85099354598302,81.69936588080543
2025-08-13 13:00:00,26.597284397045456,35.43388377191218,0.768090089204629,15.406567442569528,25.671482486238965,45.76317363116077
2025-08-13 14:00:00,46.20940407684893,52.732632860983124,0.12496550607085105,17.91316593197458,25.39798931188018,41.481572684253415
2025-08-13 15:00:00,44.155553981501974,28.39163241165948,0.5230052158294834,18.524550428810468,27.770288855579537,67.83589664798606
2025-08-13 16:00:00,34.68647609053778,49.45187958779674,0.4679734408866719,24.879083596723547,20.69148464871871,53.21356938705897
2025-08-13 17:00:00,36.75991074963173,50.56082429110624,0.6342680152900931,24.59227221971207,25.15015739582041,56.8176247225738
2025-08-13 18:00:00,54.16497343682637,47.90934642173108,0.5426393256475378,13.771413117768077,14.2380822769541,52.18843621868886
2025-08-13 19:00:00,26.12642916746255,30.084464501836642,0.34960613365223614,20.274670554999243,29.38227822751468,57.40199859232487
2025-08-13 20:00:00,43.20646071755057,48.14676258037796,0.43618921286667633,16.452100726254137,17.192533887790702,75.98538112096341
2025-08-13 21:00:00,31.96711021349159,34.57384787173066,0.3407948286393022,13.707475446623327,32.51709914214499,68.0212845861812
2025-08-13 22:00:00,31.734781951591696,26.231730413137495,0.7152014277197196,18.914914747878147,23.349399530167748,68.62223511886977
2025-08-13 23:00:00,51.48165277980785,44.76541910042734,0.5042623297343884,18.457586057720903,23.941665090344117,45.837729442073545
2025-08-14 00:00:00,47.38124523482045,47.12570452490599,0.8802381371506015,32.13358243172761,21.86133046957747,48.488462634471304
2025-08-14 01:00:00,47.20264454000958,58.92993473260323,0.48786783723707583,22.16479912680348,23.55980563038962,31.60921340514573
2025-08-14 02:00:00,54.582182107314935,60.01818365325926,0.35831864661790747,13.111912496228815,32.092656725740184,51.90619178917246
2025-08-14 03:00:00,35.31505762449139,31.60891430363033,0.19725712147743457,17.176129979145287,12.560956717324602,69.56703186385658
2025-08-14 04:00:00,45.22929456942446,52.94628167590791,0.13937206474881098,25.106916477146992,31.384826930440937,65.16946515748371
2025-08-14 05:00:00,30.34599865109816,1.8605724447974055,0.183172811398902,30.442213864349625,26.69011740550854,57.784867370478764
2025-08-14 06:00:00,39.86249528732663,51.350152291047664,0.5534253302022967,12.070083438810208,18.964891760713922,59.77699716281947
2025-08-14 07:00:00,33.047854184484734,15.65071639670374,0.6017450046459868,10.600378074304775,19.62343803475381,53.11114457424594
2025-08-14 08:00:00,36.45493947489077,32.83053006085945,0.18376185959357327,29.35482587685891,33.38196513604102,62.04758882401784
2025-08-14 09:00:00,43.9273553815537,32.73065643529226,0.6790076628152231,21.94807088685452,20.272465600286345,67.65878279480614
2025-08-14 10:00:00,22.72668975149791,9.779874994288853,0.4033877896633121,15.658536340618168,19.233247447020204,43.84113212589527
2025-08-14 11:00:00,66.3858091352819,77.9940770090671,0.5293586023971099,22.673145430612177,30.686572711823647,62.99647687837348
2025-08-14 12:00:00,19.90973927750447,15.232727264385558,0.8224441256510848,6.821261304915611,26.692764381429573,69.32434870954667
2025-08-14 13:00:00,16.78717080818402,20.252209625491176,0.6793678631731064,20.016877532985806,20.310372117318007,55.848997110366305
2025-08-14 14:00:00,52.37166310250102,51.90245731370918,0.4462938704188335,21.639105864215427,26.083124877023096,67.00700612120583
2025-08-14 15:00:00,46.87494040944404,51.64534868167525,0.32176155491694247,24.62135069768915,19.871236581798613,88.14654444472552
2025-08-14 16:00:00,44.36179725578233,45.130016166384884,0.06963691973413899,14.930520238537312,30.504106992113027,58.95657207013108
2025-08-14 17:00:00,44.4251826389642,31.595260397078505,0.35616933615151597,20.428435807016797,30.30685482436567,63.93307050005323
2025-08-14 18:00:00,34.81629840729628,44.77896660176768,0.4577739522344611,15.372876869702063,27.660030994109714,52.61942916338609
2025-08-14 19:00:00,21.541184427712526,16.603618596099402,0.3025640945697632,21.276918778371584,26.808305306235084,61.8125116260205
2025-08-14 20:00:00,36.137068372905894,20.571249386308384,0.47374860658153906,15.52326838818488,33.80594062433687,64.60271624982303
2025-08-14 21:00:00,24.842574327318324,20.561422717659198,0.5153703765917537,17.959495804198898,24.998431636941127,61.94842340270138
2025-08-14 22:00:00,49.62679600126627,64.63439390760938,0.45502880363838427,15.020923026048855,19.090629372895993,49.80304680291143
2025-08-14 23:00:00,32.79413927746792,41.29635669860285,0.369999483835308,23.255681209118286,27.247369564161534,62.06361771325451
2025-08-15 00:00:00,22.617542048112327,19.131020704033734,0.5337309343933455,24.29225558328333,35.43023524768557,74.62195938717636
2025-08-15 01:00:00,30.179212375205097,26.68663533202081,0.5883881299138818,18.826897150212933,19.92620253407074,64.48635764514528
2025-08-15 02:00:00,41.193971814134365,37.97762130196054,0.28192018451143075,20.191189974800142,23.19268616653007,69.61987189071841
2025-08-15 03:00:00,26.54413170794038,47.31161154354879,0.7821864759492541,12.75704292683228,27.082230190507264,57.629880299873726
2025-08-15 04:00:00,22.666694066503528,26.48604858881906,0.4802823735431476,18.501616759966065,24.730475754971305,67.49900239423711
2025-08-15 05:00:00,38.65530817237868,42.955724644289376,0.5037699245889695,19.748976914791275,20.088482098113428,62.792678382165256
2025-08-15 06:00:00,38.674498566630845,48.97733310694927,0.6416428846513115,33.103965455149876,30.609289281152353,50.49089270312768
2025-08-15 07:00:00,27.395852369433054,29.78374395969819,0.5466432262527003,14.440164871129182,36.6002036100863,63.18521004798875
2025-08-15 08:00:00,27.93442541572516,25.344003957518126,0.690627326782649,27.32088619376219,25.980657295119535,50.0830333655969
2025-08-15 09:00:00,38.480749060364545,36.517250569514765,0.5574248330403648,24.98429386732904,20.47965855132,53.67119725115208
2025-08-15 10:00:00,13.278734877540138,12.562722283399498,0.3775125250719124,21.403182022450682,17.255197374732624,61.893283072923744
2025-08-15 11:00:00,13.888043384351672,13.515821019253256,0.5723007050412203,28.793102420975668,26.289879906105906,62.97244273380124
2025-08-15 12:00:00,24.22333668121346,31.49963211758326,0.27125475853586767,21.860527363034315,30.519386716581288,48.10767534922871
2025-08-15 13:00:00,31.79829272432229,32.31775158239529,0.5217119411553046,21.945795978339643,27.375838732476907,70.53985771182876
2025-08-15 14:00:00,39.66361348397007,46.99001425612586,0.49335400187110784,19.734396734912274,24.98798079540573,65.72006278300474
2025-08-15 15:00:00,57.13034325424328,56.323177453157456,0.45837662854549205,26.117844412093138,22.053641741053468,52.95271564389116
2025-08-15 16:00:00,47.86489434803029,48.651246251191196,0.4742924977122138,25.482346169054416,19.53918183640955,44.624152035508246
2025-08-15 17:00:00,32.60092205054859,12.618915205227513,0.12363019090047217,16.871613562518938,29.17375663162441,58.55095420918569
2025-08-15 18:00:00,34.71475688145967,43.87803362848449,0.3902550184518077,13.403764027006163,29.568858106927927,55.540562861388395
2025-08-15 19:00:00,19.962059530432867,23.426944289412795,0.518568980228223,18.985096813021716,17.271351066546334,61.13140457053023
2025-08-15 20:00:00,34.72230296011415,44.70240405871067,0.5319712783994801,15.999807178011768,32.94919489090342,56.36883338844434
2025-08-15 21:00:00,30.670120416197925,1.7075666342610312,0.29446497181480835,19.682377126923225,27.870356104470005,39.9254313925499
2025-08-15 22:00:00,39.84077840507134,60.724525452878616,0.7531415681729401,26.187190673420695,31.997973225728966,56.11653061698841
2025-08-15 23:00:00,22.591535846715153,21.195639565163415,0.3267650303570998,17.71349172456605,18.289361257574424,56.94380888931687
2025-08-16 00:00:00,42.79019771361759,53.87202588099275,0.6938914401053473,19.785883093442127,18.170879222922807,66.3366102477406
2025-08-16 01:00:00,57.99108369503867,47.59202442378336,0.585438872374337,20.290113674041976,24.255153451163515,53.0180032538895
2025-08-16 02:00:00,33.36859777314714,39.496336823772836,0.37075453803123937,24.242154411026423,27.51392213447597,76.78674673372566
2025-08-16 03:00:00,41.02567583148412,30.491520199747562,0.8550621785219024,8.765553330076974,33.98180411463482,40.883594493482434
2025-08-16 04:00:00,45.352159875666686,39.11447026870864,0.261272633648704,16.966498526173517,28.530394569075657,73.11167497802624
2025-08-16 05:00:00,28.981692921712458,48.12200646038032,0.6838308347220003,21.056418461397364,23.786593615939832,57.756810291218954
2025-08-16 06:00:00,38.36138722715625,36.45456321952278,0.7001164636085957,26.000394782134308,19.86815396167054,68.59584872343557
2025-08-16 07:00:00,35.18888601172692,37.36321474352415,0.365875958184671,17.540487762468974,31.150002863595752,60.79801484058733
2025-08-16 08:00:00,36.465141478232475,45.16581878512002,0.7784930600128658,10.61723646979063,20.176472871246425,71.39555536025469
2025-08-16 09:00:00,23.404853242168002,28.36167212189405,0.44999069708020945,23.098557229830682,33.14234277386161,56.12638035447189
2025-08-16 10:00:00,35.36765261388414,36.871841665319906,0.5577387258559714,16.823188055871853,23.578076751967455,49.01379574822188
2025-08-16 11:00:00,42.46997436868175,46.119584393344,0.5520643677542442,14.051666704548193,32.95291036308925,74.20504287271064
2025-08-16 12:00:00,56.767154116925624,80.80130996930838,0.4731382517058904,16.87827305143388,28.39465645029639,58.86519354117859
2025-08-16 13:00:00,49.3890623912781,48.81287442094225,0.6621616546319564,19.07737321172075,24.31502255278771,62.21558473624211
2025-08-16 14:00:00,67.29773686267335,69.30872732982303,0.6586977441104426,16.976276677308938,22.403018140869367,72.34751914044796
2025-08-16 15:00:00,23.489786556679256,33.99633051675538,0.1502936053523638,8.972169714504654,23.2954606132696,49.68044757905565
2025-08-16 16:00:00,48.08480955081017,59.14006888039001,0.7608680485756305,24.485330984435663,27.141583461876188,65.95490897639257
2025-08-16 17:00:00,37.75013008607527,49.62043314167907,0.1675016023928651,26.374375206393612,25.385782481088583,54.10105243537109
2025-08-16 18:00:00,67.8470439982651,74.23434621855694,0.7065092408683314,23.25760995669753,22.030942959656475,58.67830644355628
2025-08-16 19:00:00,22.87552571967273,11.445476592367894,0.7253410273655166,14.311571647875917,24.17184294841184,60.72278965384289
2025-08-16 20:00:00,22.40417236728836,38.73848769029932,0.28180671395696033,18.99254233026241,25.39288514859575,44.997781385530644
2025-08-16 21:00:00,26.009110318339665,14.545656388152786,0.41783714240908304,19.96739342385271,14.35632952792594,52.211629571795655
2025-08-16 22:00:00,3.1415641353528976,6.16791878774323,0.2788590663028129,22.993971947809552,27.290840573943495,73.5107289241314
2025-08-16 23:00:00,27.113674674788584,19.570916174595006,0.45701579394225295,23.341702443590403,20.101393876415965,68.86191188584796
2025-08-17 00:00:00,23.61301007669453,22.971626610764602,0.4383931431628517,16.32913100610752,19.233337983971275,59.37360422672765
2025-08-17 01:00:00,37.25590679714311,40.54353090017791,0.655932106453868,20.409977782067802,16.56327826444645,62.431234585128934
2025-08-17 02:00:00,40.12633963665739,43.33991179116012,0.7620617492239217,22.286402023076207,16.03053751066055,57.05757494363542
2025-08-17 03:00:00,63.14256258823829,67.36177013059114,0.7791367621579912,27.279111610733832,18.222762484438555,73.56583385827982
2025-08-17 04:00:00,49.256357572790755,65.39347026337722,0.38756639468433957,23.522532699123616,21.45489521184755,57.99647422205836
2025-08-17 05:00:00,26.346445165063955,30.881788180203753,0.45815562525109443,23.945283436877595,34.76629568763284,62.31842092134848
2025-08-17 06:00:00,21.52377992977463,19.082213576868142,0.16331236155580992,20.419133139646803,22.37060162052398,71.46030144142065
2025-08-17 07:00:00,42.37878757259759,52.01965925548116,0.33882598670076225,27.05229572601752,25.888750531340158,52.226285151540935
2025-08-17 08:00:00,15.196501894690368,27.091206783936773,0.6929703266194915,22.048813979797487,27.002406932531642,75.58789184496894
2025-08-17 09:00:00,62.47188148781531,50.19580333644539,0.8231165647096463,15.694560449132148,25.655325931079243,44.69538590256623
2025-08-17 10:00:00,52.69160181081931,58.665602509317885,0.25313022562401555,27.016849850625952,24.612782696370033,76.29642131112799
2025-08-17 11:00:00,27.962365218429426,34.974092641538405,0.38150714816942116,23.489516362695138,19.023531182003776,56.27324416048025
2025-08-17 12:00:00,9.302982063636836,6.327347030036917,0.4947188486082146,17.784779894357587,32.25463774139606,57.57301252174718
2025-08-17 13:00:00,55.30808561248119,69.06515374559739,0.5560322317639214,17.602535163003783,34.03598321818943,41.09989828817057
2025-08-17 14:00:00,33.28190232121073,31.78134645088546,0.33807929601567077,21.48287772570381,16.58670652938657,55.452052826223074
2025-08-17 15:00:00,53.56724467960193,54.82300921431735,0.5848122088928179,22.315923976337924,19.8798570455681,49.60193468973116
2025-08-17 16:00:00,11.083585118084493,9.352866875245796,0.40523213058581675,20.986461328156032,23.60094828811497,53.923536546265275
2025-08-17 17:00:00,26.009374655693406,26.165165131508083,0.4971095458243442,21.556543367214424,20.177311025449043,58.6268903421112
2025-08-17 18:00:00,35.07865549577275,24.115904626820733,0.6092568496007399,28.499786872881902,27.529827767279325,69.57791614472906
2025-08-17 19:00:00,35.70470890647113,21.30420008052819,0.5012844539621876,25.35771576117443,21.358638987966934,62.076033514006255
2025-08-17 20:00:00,28.249017927811344,44.19406856006107,0.4127228218946863,20.95317795632512,35.825280339033014,63.07676653401114
2025-08-17 21:00:00,44.34274898521248,35.8731355020292,0.4780780392148338,24.706552903837416,30.95274297171798,49.044806111544375
2025-08-17 22:00:00,18.985693559261083,9.071770064698011,0.48232740815893294,14.837380482362303,26.062870153161075,51.192459103972695
2025-08-17 23:00:00,32.8643077246806,11.330406588643452,0.42599779402357446,21.989635249734043,30.13493131659866,77.98725018351311
2025-08-18 00:00:00,36.804434475678484,30.41481699878346,0.4482407874665795,29.04653174866555,30.529502121786543,52.647989652367535
2025-08-18 01:00:00,42.71658251088124,29.485684576806257,0.8197294341009433,18.90977052303813,22.180262559708783,76.56208252057296
2025-08-18 02:00:00,45.674223171333345,62.09437477269704,0.6121838895882478,15.761830356904575,20.918913777290175,57.569388011191336
2025-08-18 03:00:00,18.130368622431963,28.228539515858305,0.4409039363941679,16.7395555570347,25.390715314848237,60.02287936143504
2025-08-18 04:00:00,11.988287438965667,5.106783987188429,0.6393908809021471,14.551834813288059,29.308180622489722,70.7036516022993
2025-08-18 05:00:00,54.16515232847763,76.68951038192071,0.43323610204879803,16.076190459361484,25.695301993267087,72.71892421938657
2025-08-18 06:00:00,39.98471017969388,49.80236504960982,0.7346249275173282,18.147459507049856,17.115017589045014,58.89187439720912
2025-08-18 07:00:00,23.772701951651698,20.524388116565472,0.5739284384396188,12.97216490410679,20.985877780245787,56.11756946478461
2025-08-18 08:00:00,58.26727963283784,33.27322248410211,0.47853957119915425,20.078091669748016,24.63013568202811,59.44079551477787
2025-08-18 09:00:00,36.73511951439288,59.644545240300296,0.5895433851620555,24.511385868933235,24.62167197837085,63.379575282321184
2025-08-18 10:00:00,52.689457760957396,38.793733093321435,0.18582476958630012,15.4612190992654,34.86271088394904,68.91303686869756
2025-08-18 11:00:00,36.01277722115164,19.55878975158272,0.27464650621803893,27.596419618208845,18.07006028800501,60.04229858994152
2025-08-18 12:00:00,65.91121887322981,76.13692319332621,0.26121499872018894,22.553960442637973,27.527946209179373,66.18886298023153
2025-08-18 13:00:00,61.33011263664807,85.72763670004079,0.5285886189527413,25.152902928120287,32.44556554164145,76.3835973227094
2025-08-18 14:00:00,31.265537772813897,45.10826595791908,0.8465029998970184,16.710827230739316,36.35724872711398,63.81309612264785
2025-08-18 15:00:00,49.57356426431533,55.212655464838925,0.9462600292385265,24.272626135333077,22.978012884080194,63.11652856004778
2025-08-18 16:00:00,44.680639243777215,50.62818266043007,0.6276102202881515,14.540330498023435,27.457147263600998,44.810891749099326
2025-08-18 17:00:00,55.52947336298523,64.06362895078831,0.6001688949888914,24.451237504182544,27.848801785993235,33.69269863170936
2025-08-18 18:00:00,20.52614809129843,28.115433989166082,0.1397884531694522,20.859196698967658,25.977408657766453,63.88375729230168
2025-08-18 19:00:00,45.29077189997659,48.10268613967035,0.39146524005319566,22.76625609992392,24.50577399380347,59.05175768719128
2025-08-18 20:00:00,50.876367302743816,51.91837834226258,0.3424432496183522,14.12202697187574,27.17987694750023,54.85217325085258
2025-08-18 21:00:00,8.618907703653285,7.992976424658061,0.3758304803497768,15.524650788616977,12.338769573901573,62.435302041863444
2025-08-18 22:00:00,17.251122310013372,9.71147642134661,0.46637123628304206,22.986141091266923,28.410347450313157,59.395962708030915
2025-08-18 23:00:00,4.411517333598493,1.604766564930752,0.4055818844605745,15.258259978878996,25.630889518309836,71.27780250633899
2025-08-19 00:00:00,30.958897483331633,14.029329341377778,0.10414003792484244,22.316031460495616,23.887625516108674,60.86110868258978
2025-08-19 01:00:00,45.76313383693943,44.77973756899193,0.6495820512235068,13.164310967698771,35.23431097859779,52.53076714929833
2025-08-19 02:00:00,57.53535578144042,47.649444709931245,0.2854513948520387,24.24087106333334,21.625329906047238,69.90166238959289
2025-08-19 03:00:00,36.111421706296625,25.075528534138915,0.5478493728222299,13.837383426157455,22.984620054674846,57.82868925053798
2025-08-19 04:00:00,59.42923318356938,61.228174695104165,0.9148165339499947,22.761499688397617,34.95776651102367,65.26536683672308
2025-08-19 05:00:00,14.29847812677663,28.218500990222623,0.3161230816827153,23.128154668230003,20.839693475750718,55.22589293807199
2025-08-19 06:00:00,9.449263409672682,18.63242946969581,0.0,16.516140907852126,22.249423585317306,53.50173114502564
2025-08-19 07:00:00,34.16678451655072,18.461778480318948,0.4427991556239778,22.910132835423635,24.26487288284575,60.84168230185696
2025-08-19 08:00:00,40.76098173408961,30.864700368386238,0.7201919269997142,21.30221131666778,29.203672410647748,60.12828643543685
2025-08-19 09:00:00,34.509578778588605,43.91729065847076,0.8916694908441187,17.30579071903631,26.039012536766567,64.79827035366833
2025-08-19 10:00:00,3.988368499401851,0.0,0.2540900811095166,14.95722657961896,18.536873264238686,57.313542466902575
2025-08-19 11:00:00,33.66319940730818,31.41686790733793,0.5993398446473044,10.186871541637105,22.33915718436405,41.63640216229602
2025-08-19 12:00:00,15.432957492427203,20.933478482672722,0.4069379086439893,21.748250236498468,21.963227833938944,55.672261164116115
2025-08-19 13:00:00,45.04508823245058,35.36164368381423,0.4788103291391729,12.175986143189725,24.613894773884773,67.93818467143815
2025-08-19 14:00:00,40.498973691452726,41.55272875291232,1.028868669403407,20.47672099720654,27.129218293149144,57.026239207568935
2025-08-19 15:00:00,20.90180320508967,7.561548255907626,0.1994059343209693,18.682758919588753,27.09102877943986,57.53616597485452
2025-08-19 16:00:00,27.291996239949597,21.27831980043746,0.5507479322989147,23.39571387719098,16.11994122975799,69.86376505905938
2025-08-19 17:00:00,19.111797171665728,22.309616513091097,0.5935386343530866,18.48977250255068,30.319704937804282,52.880267727410775
2025-08-19 18:00:00,34.059813540902425,18.12987620558573,0.7171572649878695,18.35276106826454,26.262844229983116,44.57196781757101
2025-08-19 19:00:00,49.327134807518576,53.731882187122565,0.519596630694179,23.659353521441478,31.92266023796953,58.393688804745054
2025-08-19 20:00:00,20.214109304966843,20.017731315700033,0.5616101079008204,21.675290145420586,27.22099163645336,55.15826048751263
2025-08-19 21:00:00,42.560697732767665,48.08559727693914,0.42167028651564176,21.58077978591389,30.50661478867881,50.33753680246746
2025-08-19 22:00:00,27.04613572441339,29.285277065060004,0.5538253882490215,22.34633794904263,27.332726557250634,58.24621544101309
2025-08-19 23:00:00,23.106907516064837,36.74831181580328,0.4313615449005179,12.32213938396447,31.73112878101374,64.91505647246784
2025-08-20 00:00:00,33.394544600681634,34.64678962716071,0.6243143779712101,23.78394339993491,27.611253180088895,59.907114384321844
2025-08-20 01:00:00,19.47136516370939,15.17730975245686,0.4260779327912732,23.06234397006801,24.51042376778548,63.06981072686238
2025-08-20 02:00:00,26.69526041979227,27.91823545011511,0.5754200787804373,14.916584357117515,36.36217360223441,78.13407698515422
2025-08-20 03:00:00,17.031831611167274,22.464811901531153,0.4941474372630043,18.779597631628995,29.44518561139946,56.57121138442436
2025-08-20 04:00:00,64.47087699374583,64.95947769700288,0.7252100501544336,19.803463561861843,27.868722105022066,62.78348634644669
2025-08-20 05:00:00,35.52895327957593,35.934870191614756,0.48972125528230276,19.327516077991337,18.61847791730832,54.907866374008655
2025-08-20 06:00:00,24.504117380111218,17.484200502043663,0.1453935063586237,21.669299832842672,18.55846191268231,51.53640280113027
2025-08-20 07:00:00,38.20969866101333,31.580689485503846,0.7523843001427983,27.156833909155917,26.463577410709267,54.1509234658223
2025-08-20 08:00:00,33.31507925463755,19.28902653664062,0.3188535398274762,25.408833638364143,25.727605988841205,55.212414284783115
2025-08-20 09:00:00,31.685456007001655,49.181223438871044,0.369246732270236,13.438904032842968,21.929387174958418,63.59475797547125
2025-08-20 10:00:00,44.21250050065138,31.77386814673853,0.38086774119130157,23.110349951530242,25.7049134980603,83.49075786700757
2025-08-20 11:00:00,46.36261565070958,39.43356367275051,0.7748876186341636,26.64466659767705,32.94313464021798,52.8395656372416
2025-08-20 12:00:00,27.04248278584209,19.858410130150116,0.0728651572042609,21.934042603446013,28.477012372751492,55.83374694384538
2025-08-20 13:00:00,26.362726390329797,35.31197015977421,1.1275497067319988,25.454902125929834,19.294957451236307,59.36876986888752
2025-08-20 14:00:00,30.87422454272534,27.924727759805062,0.7112113618132103,30.061352228503825,24.442455864285282,63.957988487097474
2025-08-20 15:00:00,0.47118252896622437,12.948603255703564,0.5446477828258319,25.118547730534907,20.975167595737197,62.63550811954785
2025-08-20 16:00:00,12.272134067021717,5.537227824583033,0.4890211998767427,21.246542978208645,23.061500417957195,72.84095793948117
2025-08-20 17:00:00,55.50311401166787,58.29305563390589,0.5571108149715314,25.225442370423767,22.931921671851786,35.73607929464792
2025-08-20 18:00:00,59.67451570251926,51.32104516992169,0.6042244856758676,20.724439165484455,22.611772086979975,36.13070129804328
2025-08-20 19:00:00,31.264459406654325,52.715950684388204,0.6290431171900114,20.119515216424777,18.724323140133023,55.04121827989851
2025-08-20 20:00:00,43.648354445836496,31.772370255541368,0.6111208932006897,18.242928821431338,24.36172659240905,70.97300187543709
2025-08-20 21:00:00,39.66875231815304,42.76695942042331,0.5179161362510498,27.81706679416054,22.19696181576345,44.34351968394404
2025-08-20 22:00:00,81.18321212682856,87.52098093614956,0.4605323159385348,15.907856670289993,10.35275654998866,29.92367660306243
2025-08-20 23:00:00,51.79362367151865,55.93161464603364,0.4697453432692977,27.66183862339058,35.26486012250832,65.71179406219208
2025-08-21 00:00:00,33.0812361277885,31.228359539011418,0.4610183439294638,22.49932061870186,30.44384827108336,62.43657223702714
2025-08-21 01:00:00,20.666893390993614,19.368686393659353,0.7267540193734129,13.003469125990293,23.11849637537502,49.097915932005705
2025-08-21 02:00:00,10.903305196136412,11.341419915927508,0.6187113444561724,21.83824646495711,25.094095248702992,50.1446039927907
2025-08-21 03:00:00,38.051954538008346,36.58193452172346,0.0,9.49986746174188,19.14172826341219,50.30256280365326
2025-08-21 04:00:00,23.65473882073545,33.29352998868455,0.6311801553059522,23.12754008415518,33.47861438905433,61.1053531747394
2025-08-21 05:00:00,13.666194356034886,35.7714243719484,0.538947238943755,24.426157414944953,34.486443473865556,53.73684723816993
2025-08-21 06:00:00,25.301406736362104,19.726488886283768,0.4962582487108205,17.03822022173973,25.783468641232623,64.9406391897552
2025-08-21 07:00:00,18.776779945784074,5.078750149993297,0.42229630938222285,20.617738479777913,30.117653220926723,31.45373337095609
2025-08-21 08:00:00,60.30712452608847,59.424304042575926,0.7248225439972027,29.770787168751433,25.87643389466962,51.43148134872201
2025-08-21 09:00:00,48.224596354241754,74.02168973078494,0.6895052924245716,17.471266478690318,18.316372805620347,48.7394603908895
2025-08-21 10:00:00,34.88041038025074,26.84366470055343,0.34542446643527813,14.705462064716997,22.940883155181712,57.43659321627508
2025-08-21 11:00:00,57.19916208335039,73.59033013779106,0.581410457424907,27.408317012312992,25.659639833859785,54.619522415098615
2025-08-21 12:00:00,36.16052461471428,52.937532755478685,0.3056686530917428,29.812935952653973,22.72726140628278,67.97843779895767
2025-08-21 13:00:00,22.080736980076047,16.5448545629961,0.2240763670422139,20.018478359239236,23.90673361282482,41.406632283399425
2025-08-21 14:00:00,57.84686115904486,63.53669195089762,0.37465655508200696,25.05731517704178,24.54300221245443,60.45491476330752
2025-08-21 15:00:00,43.08365065526988,59.367616886555254,0.6724786944765517,26.707379577654407,24.595607510672693,65.58336423211705
2025-08-21 16:00:00,19.441307685103155,15.650030275228284,0.6906250090752173,16.28757883730808,25.261292452487417,78.56647436561954
2025-08-21 17:00:00,32.14491982874588,30.10911622772226,0.6026170840194586,17.57347082316066,19.696974668016995,55.18234028906525
2025-08-21 18:00:00,21.865726199228643,16.048917059742205,0.6450191573695995,26.154372565773674,21.41491925436032,63.24458604352517
2025-08-21 19:00:00,14.25800403553496,4.110436728606292,0.6032356574229917,28.425071393542545,18.577078671500153,41.96137207437635
2025-08-21 20:00:00,48.892663212974625,42.399887762314556,0.3717036809554095,22.814404300871775,29.889077748431003,36.08043795686976
2025-08-21 21:00:00,63.64124960705196,51.4018469394294,0.5863845089347881,15.600928232489728,14.471765290798377,68.447743757817
2025-08-21 22:00:00,14.02148639271288,14.362321075305141,0.6600819050455364,29.935305558497205,30.767951716584626,59.9443970635193
2025-08-21 23:00:00,43.444538550358565,35.744806239772146,0.6508582659627149,17.345145510940178,31.931746986314216,71.78512689798423
2025-08-22 00:00:00,25.240361463172597,27.578220581080075,0.7377826742949286,18.32431109414274,23.48909706508689,46.26597111030251
2025-08-22 01:00:00,27.69311924352956,12.134162781493286,0.6416607694402128,21.711689172448107,11.984314560863506,65.19902139528753
2025-08-22 02:00:00,26.114091136416963,29.422893458561532,0.5702896415083166,27.77080210357387,23.193447190163546,78.68817840543853
2025-08-22 03:00:00,22.040138454802758,30.375428070892006,0.7140300476632855,24.269879882761117,24.679079193555904,64.19705608357266
2025-08-22 04:00:00,35.72782441917241,15.790467993457852,0.49469574815018796,22.074327501809552,19.947008900355435,62.76581505591049
2025-08-22 05:00:00,22.535748253834434,26.276313952310154,0.32362506975445643,22.31644265059053,22.423908030958785,60.0855608082435
2025-08-22 06:00:00,39.056852386697585,51.333542311430506,0.46738660721124725,20.21757334321733,32.65097599431676,44.291185428740874
2025-08-22 07:00:00,34.246428358262946,22.150018171350894,0.3510194710387102,22.79069757259253,28.324635811508706,73.55572935710347
2025-08-22 08:00:00,31.415779297003855,48.14150316538089,0.36496434500512365,7.352199611528485,20.3771794281095,53.89142360194934
2025-08-22 09:00:00,21.386545069376034,25.576735163036485,0.47109626585689646,18.516962704651007,17.01200415202284,65.04483256383017
2025-08-22 10:00:00,26.34843004147501,19.29831148389092,0.34151601580000773,21.206609674583905,23.364913411951143,44.36965693428746
2025-08-22 11:00:00,46.33086838738634,45.77317761080928,0.43840769407219193,14.244929581902465,23.93271610324781,48.2054033549222
2025-08-22 12:00:00,42.51375781436571,48.09702693958293,0.12127706660924287,21.9316165890578,27.480995936816583,74.35087399222235
2025-08-22 13:00:00,20.336671328021737,21.09672524214585,0.5426587414745877,18.97764389506939,22.323416437161704,56.52697711042157
2025-08-22 14:00:00,36.489984581438385,41.87754450590208,0.5002410950724449,28.77737849157745,27.557497876809308,74.53275476042545
2025-08-22 15:00:00,46.27080685057683,37.06407091978317,0.33658227378636185,27.865098626074282,34.675770200301145,59.21769340941482
2025-08-22 16:00:00,9.958920783179423,11.652529023540202,0.631849133686481,17.670972154409185,29.077505112221314,41.58102227042143
2025-08-22 17:00:00,43.15040288569902,29.013257916649223,0.6875140275253117,19.245811442166524,24.759557463346137,68.9206759973172
2025-08-22 18:00:00,25.0606436158123,23.948383002325297,0.17848802712620515,19.630262171958037,24.084247644733527,54.10107682244392
2025-08-22 19:00:00,43.55898002889739,34.519903614249486,0.3474550442867571,17.741702619201888,23.216634329100643,66.98688813517043
2025-08-22 20:00:00,23.551112651862248,16.19581322596458,0.3461715300425403,20.975124920140633,30.903204562260722,60.25210867540082
2025-08-22 21:00:00,7.926768490032213,20.287700242136587,0.312019379778227,16.20858965556205,21.863432770243485,44.568817720571296
2025-08-22 22:00:00,10.586863431752562,21.49996463769525,0.6658949683863498,14.346923325312368,25.22611354499991,61.64294765370569
2025-08-22 23:00:00,35.72127419992073,41.8126554089925,0.4612347722454393,23.113556119501343,25.255989509405428,81.96223142152799
2025-08-23 00:00:00,38.89583752582223,27.972709879096442,0.44709703173787785,23.147647921109055,22.49107903594234,64.9298645851446
2025-08-23 01:00:00,21.435250623433873,18.271166126485856,0.0992275271186493,15.978421201700037,18.137672260579496,59.42482246994537
2025-08-23 02:00:00,44.57888688166061,56.70986388145244,0.6270836060418453,24.476777153812996,26.61487251808834,70.75343401956897
2025-08-23 03:00:00,10.077199065965601,11.49436820236465,0.2521483210293055,16.842111354173344,24.694980140723082,62.106684652031106
2025-08-23 04:00:00,34.00880302029025,57.20209842010719,0.5119865260532657,21.265826190189905,27.50120234718285,62.09534230262794
2025-08-23 05:00:00,16.83475700356315,20.76793539750687,0.5554753875916383,24.10172006306228,22.331998467804166,49.083748278408976
2025-08-23 06:00:00,25.222458382967613,27.14294954786793,0.7721317191677302,19.831937176481436,31.10410649406524,62.33848025789598
2025-08-23 07:00:00,35.71098006974621,32.6198154277212,0.23823592017617756,22.27370456070567,20.616131093940776,70.35443416416945
2025-08-23 08:00:00,22.093799520740713,23.429208568563535,0.0,17.417851780562142,33.56020142008946,51.63937847899975
2025-08-23 09:00:00,29.23166683655262,27.70696847274718,0.536769908950739,19.017667082859514,16.261817450858693,74.24495821246947
2025-08-23 10:00:00,50.094392138216605,57.17547890510251,0.8601022363021708,18.970702845598296,27.173850322784457,59.08293975854874
2025-08-23 11:00:00,26.34662195715277,35.91364512509861,0.7477892705878875,16.267108267298806,27.377153412633117,51.12230488461459
2025-08-23 12:00:00,47.535381680977125,39.67548707589763,0.5419318830549251,19.11612918442109,21.02221466029559,69.97632076920245
2025-08-23 13:00:00,18.05439718013573,4.742067644557949,0.40167276287359055,12.256908505681267,27.12196968930506,57.132057642617305
2025-08-23 14:00:00,42.947062668729245,24.58500893769628,0.661424519327462,17.544231264289476,31.397593348800793,67.59514887486108
2025-08-23 15:00:00,56.6235293098685,61.703442578993936,0.30529076005910627,18.575622533151645,13.915905803229677,57.08241367741463
2025-08-23 16:00:00,0.0,0.0,0.5952715538712439,18.7191012375231,27.51372403745407,59.40173856470096
2025-08-23 17:00:00,23.046571167942847,1.5176652384180187,0.6010940318333253,18.792512770646105,12.533645898349612,64.93560204334291
2025-08-23 18:00:00,43.6560819077081,47.54186795301774,0.7120419814997759,19.691179000699357,20.17167598238396,62.90897057590006
2025-08-23 19:00:00,31.95431920935511,56.88431438368302,1.0519320077822156,22.39720759043032,33.145831824504725,40.044682195482615
2025-08-23 20:00:00,40.56718810056963,40.506478985170695,0.5784831934357534,24.372585370662613,22.09108983303973,48.78756259905608
2025-08-23 21:00:00,25.940222199262692,34.32512994377911,0.39820727485850027,16.751173865758666,19.130600177955138,69.29409984790816
2025-08-23 22:00:00,36.2988468120935,37.11714039756915,0.49488513756160113,13.983995723054278,24.010311355076592,58.678634110984525
2025-08-23 23:00:00,32.664841469118805,31.67594493720738,0.14618481902217634,14.789777938784486,35.339531690817765,54.762686972285785
2025-08-24 00:00:00,52.51673092489711,61.7074957547748,0.3610573737821884,17.563985394025366,15.84158876396987,46.41425984742526
2025-08-24 01:00:00,38.816312649518196,35.91356720763168,0.4181435123773792,18.240393410917456,19.743450441803276,49.20263678724152
2025-08-24 02:00:00,40.064039931128036,42.73796307184706,0.3951823204130815,16.150019669012714,32.48715841589813,39.78201360038052
2025-08-24 03:00:00,28.82184550816299,32.03882357012313,0.5304709744067444,13.519416678750527,34.288511717688664,58.987192812984674
2025-08-24 04:00:00,27.6859066389126,21.00500210248211,0.33551601352355986,17.71939586262906,24.48284387854858,54.01562419418953
2025-08-24 05:00:00,28.511627182705688,38.432050678070915,0.7242061334648943,20.907133100569858,18.80473648736679,50.33412109014685
2025-08-24 06:00:00,40.91678213567445,39.167184568720366,0.5000414129836395,22.975147329177823,35.479217509045796,59.318765748320466
2025-08-24 07:00:00,28.685232787696055,21.127781192767607,0.4981399357722771,17.212884734458395,32.97221195874599,63.63970630852738
2025-08-24 08:00:00,39.34662285344619,44.711721289150226,0.43442105669741643,17.93501088928283,28.394734938811165,80.93197932209945
2025-08-24 09:00:00,66.13101197968157,57.1463321617712,0.5310381367717958,15.366508455763446,20.9379882553129,44.88116580436787
2025-08-24 10:00:00,48.06687055147539,48.348682125166675,0.6650196529335269,19.842804148126117,24.754853295809816,71.59381043300522
2025-08-24 11:00:00,30.109647017482384,30.01845705104035,0.3265739568578199,15.757856829045927,24.198199594775847,69.73101561015072
2025-08-24 12:00:00,53.01820883245917,63.87716449077495,0.36837670218494867,22.865639066206,26.65425652307789,52.20907260623299
2025-08-24 13:00:00,28.878869404676728,33.62585173347625,0.43925479424466707,11.070667540329444,32.255007190656684,62.03235954586031
2025-08-24 14:00:00,4.428131972332192,4.177862384880753,0.230825815305357,18.20185163773769,29.397085205687016,55.42366750662385
2025-08-24 15:00:00,19.878705336238937,28.05636832824181,0.33614842805570044,21.50553669595871,19.613119615076208,61.85688580418739
2025-08-24 16:00:00,6.938121184612164,20.840196674785297,0.4047558252910682,20.91917258161252,31.882482250097688,75.0913101340455
2025-08-24 17:00:00,29.72729773938037,35.30540080289899,0.6748778361425455,33.46516831990248,26.565660700065777,66.05606232631312
2025-08-24 18:00:00,35.276275687843274,35.37980188627708,0.552512265800385,21.749000122839536,28.43532897929458,65.08608373233442
2025-08-24 19:00:00,60.146559684129244,47.028197360627644,0.5387179822735089,14.979727015789948,32.33270429639302,55.696906800453576
2025-08-24 20:00:00,39.90391060646244,29.252773975708713,0.6701795924335945,19.522678764554634,19.442098752432244,45.15943335075665
2025-08-24 21:00:00,31.713492067867037,28.661245024320362,0.4725256423201207,11.118768332667742,24.820872106467686,57.91531789459592
2025-08-24 22:00:00,47.441083717752335,41.345961696159506,0.578092969985778,19.597001253516197,22.342727243203925,72.06608154863915
2025-08-24 23:00:00,1.8329703648817244,0.0,0.47935564941350073,15.834719714996208,17.16070287317272,44.72832143410352
2025-08-25 00:00:00,38.53421837162849,39.10071762059956,0.5530724698799256,24.57695137780081,26.733549888024598,49.44910631823305
2025-08-25 01:00:00,46.562977908304504,51.85990545187181,0.3834482684776836,17.252298627022327,37.55778275792212,61.26267736234068
2025-08-25 02:00:00,12.821206313302376,12.116218532711464,0.01223656834471415,19.416170421023768,15.799611277471236,50.153452151527375
2025-08-25 03:00:00,52.15631064810394,57.02132708636596,0.4731441675627392,16.822210792977984,24.83859694475265,52.07476552884788
2025-08-25 04:00:00,40.07744611241621,40.722190260517415,0.7845496272199881,28.694256759266658,28.20271467537387,55.76401418271823
2025-08-25 05:00:00,28.770681291487982,9.016015627949269,0.6852430804483185,18.39378616941044,25.615391008280906,46.343825958098506
2025-08-25 06:00:00,44.491727991594274,35.09837405340673,0.6930794969182341,29.162785217396006,24.434359737421296,50.25878153783631
2025-08-25 07:00:00,69.06039286706593,67.61951730984977,0.7472261443612436,24.070758810591332,18.503918182770878,67.03427916787308
2025-08-25 08:00:00,37.72799382587743,25.63104639746635,0.5177315181922875,22.41033363667693,26.163933714700818,46.92630217769036
2025-08-25 09:00:00,38.723308794505044,44.72259609446709,0.5394631414811191,21.8436657365876,21.21618011492037,44.021278655051624
2025-08-25 10:00:00,28.10958650689634,43.41709483033331,0.37646962091312997,21.968986491081257,14.050391475107233,53.69975020466106
2025-08-25 11:00:00,22.252334458028123,34.43995297500129,0.43678542879459004,10.36163710327195,30.972961102568654,67.31955502509845
2025-08-25 12:00:00,47.455037248163684,45.320608538861606,0.6231542299542283,18.60558302924622,29.79192909921021,58.0307819200311
2025-08-25 13:00:00,22.15874261136699,37.06600397986651,0.7407768874337632,24.225789855921608,25.2583048842554,55.354189218843814
2025-08-25 14:00:00,36.073493558290885,37.560168130312,0.4721107448638001,19.75551408262947,26.145373441028514,60.44358797515607
2025-08-25 15:00:00,27.835138298523248,24.464278587342854,0.40996214702971767,12.974050765982124,30.371590063577806,42.54292567140348
2025-08-25 16:00:00,42.18469738619588,36.05067075078648,0.5001055917713194,19.73797774711265,26.121698283890414,64.94705653775033
2025-08-25 17:00:00,40.00493157930423,36.98023471442294,0.620241349785823,28.520527581277456,29.520087773806573,63.83435031403644
2025-08-25 18:00:00,50.563099163868486,46.6813309784562,0.21122903677329163,26.234458577673596,23.51258899563075,55.90691525904279
2025-08-25 19:00:00,27.349754017178796,29.053916240933674,0.04076380937255236,19.689979953169843,31.559918692869733,70.05924511796417
2025-08-25 20:00:00,30.95187597059943,32.55761578109808,0.3898926301016833,24.757246385290433,26.603928629663418,48.725039010469615
2025-08-25 21:00:00,20.318544263265387,20.34900446479953,0.25585751481716823,18.16746489815974,25.97025971802937,71.2790899325357
2025-08-25 22:00:00,28.335601098858326,32.70498279632182,0.3983719604705378,11.480642065866405,18.64969455643984,61.54493665595251
2025-08-25 23:00:00,40.65950739567278,52.5659701435362,0.4704439362365057,15.377670059352228,26.434779271508543,56.63447410121827
2025-08-26 00:00:00,46.35482924968028,55.85037060409351,0.4093503181953973,27.81444384254099,20.840225412527744,59.80126364631688
2025-08-26 01:00:00,21.167520137335618,6.318540452836583,0.7904935068941491,18.63003459085348,21.808586367357528,58.92735234189058
2025-08-26 02:00:00,48.044088801584905,22.504877452565356,0.565348952920464,18.78308010312491,20.923121858419393,72.20282896417717
2025-08-26 03:00:00,55.33456788207427,64.677766994467,0.5600948719221657,18.500809018625596,19.668825340503876,49.23320872528986
2025-08-26 04:00:00,41.20152354835551,27.5327365642013,0.6244414288086804,29.520682947865033,35.62385701508481,52.37480760853402
2025-08-26 05:00:00,63.151937188370994,60.904283169444156,0.27223337644384615,28.129794576810315,31.656695309942016,70.3630289207248
2025-08-26 06:00:00,23.393162013446407,11.692031752852811,0.7078223574840538,31.09390116724067,34.60183751072131,54.04465064816141
2025-08-26 07:00:00,16.330179450328746,0.0,0.484847142692908,19.204773947999744,18.88552490222218,69.00533077331592
2025-08-26 08:00:00,8.31919626643582,13.733823548483702,0.6340961234482425,21.478122443735476,25.356268749554463,76.99435983008709
2025-08-26 09:00:00,57.440664672337746,65.03221627536422,0.2856285533919689,12.416787252896045,18.53246187397952,55.98204973058366
2025-08-26 10:00:00,44.81548484531086,39.050380838043665,0.1892482467967871,27.384672130591373,21.52152561401468,66.81362326575305
2025-08-26 11:00:00,34.16622993634317,8.255807014894074,0.6635779316050058,14.161102243660325,20.409365082917127,48.46307718660142
2025-08-26 12:00:00,39.1995293947973,33.73708491227247,0.5752819052195033,21.083877818813146,31.197920032207808,67.54733298067809
2025-08-26 13:00:00,18.117664290524353,22.035704344549817,0.31958968912849794,14.513487361835779,23.0188516094912,61.99423985986767
2025-08-26 14:00:00,71.68627969425239,56.897164006511105,0.3260673837450611,17.05566586630652,30.34189666847008,64.73038282160215
2025-08-26 15:00:00,36.93831772962841,38.771916927419966,0.7250869568829539,15.813687844751499,28.02060444794259,53.54427927964605
2025-08-26 16:00:00,36.64092191907339,36.487823427343436,0.2621176214265344,16.96062369662091,36.51819376052394,43.389165844328275
2025-08-26 17:00:00,45.88649935848038,51.679414354491264,0.8285345906511927,17.304386484255108,17.60277888430138,65.03252064749505
2025-08-26 18:00:00,42.2151384760507,43.41094216019223,0.3198758530704262,17.258656025374613,31.296166198933996,39.365968475205456
2025-08-26 19:00:00,38.35826036418697,28.62757095537141,0.6276783851216766,24.166669558901535,30.732204352003638,56.82649507757465
2025-08-26 20:00:00,23.14288316832032,35.10859818496523,0.4342763048502031,14.4756860346874,20.133105809864826,69.4118186641997
2025-08-26 21:00:00,42.072025357039934,40.486729626770234,0.6206374862164686,21.102707135069334,30.0356666823658,61.91897735873036
2025-08-26 22:00:00,63.2303674471255,62.957322052026186,0.39117719957716146,26.089795761527792,26.680724815131143,79.48342644789813
2025-08-26 23:00:00,55.18130069232467,45.84862110159271,0.46744141878554113,17.43401817743302,23.86261870023296,70.25109152581774
2025-08-27 00:00:00,58.89779939959095,54.464976887675846,0.5081838350791442,16.41040554626199,20.880322565140002,53.46101611674423
2025-08-27 01:00:00,27.33176485353222,18.48373771326321,0.29956250884370544,18.847376874098746,21.40445274275407,60.27313379851439
2025-08-27 02:00:00,20.15592769612129,18.42646709688706,0.6481648690840252,25.898626041803553,35.24906047892963,59.52629297455564
2025-08-27 03:00:00,33.11319619850528,50.23028099992871,0.39735728670568293,20.97053815476679,25.003414094787413,44.17823236653873
2025-08-27 04:00:00,35.835873684330416,22.11686225501685,0.45428001693199627,17.343928526962006,28.910650007657296,50.59601083515647
2025-08-27 05:00:00,51.41287277706422,35.27725879829681,0.3011301250782975,22.419383255940197,21.045503091662233,54.3923909302014
2025-08-27 06:00:00,9.61303055427771,24.324733829213795,0.0,14.488539250817883,21.100735268891807,39.637794971440634
2025-08-27 07:00:00,57.943254791909204,55.85001802039054,0.4617944474799662,23.40679755221474,30.40992404624971,60.47493468251643
2025-08-27 08:00:00,32.629881521315156,25.93915413471599,0.9825230843225832,22.043036538508836,18.25211894224234,57.50928155346959
2025-08-27 09:00:00,28.596783950788698,38.99583082474946,0.6569208575796048,18.46095764430558,22.923931160473643,43.27106098688426
2025-08-27 10:00:00,19.81843437109749,13.762278973728847,0.4961479240531211,15.807071007763845,25.17013705536116,64.04212865277331
2025-08-27 11:00:00,10.17714992201346,28.43724705748282,0.44742183415834647,15.566595388582714,25.556863009200264,67.1587274469096
2025-08-27 12:00:00,47.34755875942872,54.126817472821415,0.5044931785624093,22.674086681729552,24.10453357491922,62.27034478864889
2025-08-27 13:00:00,36.09976950782606,31.220655426369035,0.609423823035042,26.14490251244531,26.979098905479617,56.7593182479103
2025-08-27 14:00:00,15.650586503884192,37.22366863653923,0.26383743693823103,16.813461264856027,28.464278779089057,65.91442151751855
2025-08-27 15:00:00,15.573818419045757,9.516669189012372,0.7228643389337744,22.29193351775742,28.67318772729665,66.80220360476692
2025-08-27 16:00:00,29.963229510648077,37.384183230741144,0.6430762630882488,9.564864906989657,20.07098095666087,63.074035697196884
2025-08-27 17:00:00,60.035322879340896,63.02824868340581,0.6436371451415869,17.076911346714002,23.579224510356013,51.75387749565239
2025-08-27 18:00:00,31.106129729545927,44.12354262353391,0.5876951477619454,19.84470533564549,30.97381430938469,62.76600765511181
2025-08-27 19:00:00,12.452855703228408,28.067967670496934,0.503923331538798,15.451582915090832,29.47323593786936,71.95480650825479
2025-08-27 20:00:00,31.313854038710836,31.633895529368502,0.634572247193364,15.31746812605202,18.13570274259468,54.0337094138827
2025-08-27 21:00:00,30.909146453784942,23.37496775032311,0.6183628267482756,16.661102217655568,26.757399501761007,80.97939339132431
2025-08-27 22:00:00,0.0,0.0,0.42919185781179525,21.460963641631867,15.108873753125948,54.74369066014616
2025-08-27 23:00:00,34.18557700223282,27.408423304711757,0.3852796454206198,19.063354907968126,25.234674510301847,60.324070133401364
2025-08-28 00:00:00,31.53598204686983,51.66985452213606,0.5203712590523973,8.808843833375139,34.48883508372988,53.275144039936634
2025-08-28 01:00:00,45.44309547220128,46.80844878302865,0.8098040302990375,9.396499236824669,20.260536413655068,62.23270835920261
2025-08-28 02:00:00,62.73434142418018,59.08112591105909,0.25217858486921985,16.965674110714122,20.82838477254209,42.57778307364725
2025-08-28 03:00:00,51.89847544321636,53.74527850186545,0.20649494684951197,22.28843293026776,28.820148907864297,54.53958201183279
2025-08-28 04:00:00,30.96666964167754,17.495406746380574,0.5329521682473033,6.262475786373827,17.285992423951768,49.07878799651433
2025-08-28 05:00:00,18.402111368874944,8.68597098376843,0.5101775403712037,17.501349119241848,21.836224850574805,61.35338347892291
2025-08-28 06:00:00,73.60039704874791,85.60453612819217,0.5346683328740817,17.368760717412894,27.982205687908763,69.94447375508908
2025-08-28 07:00:00,35.888276510217324,29.319333720503366,0.5487906395817,26.94168889104224,21.828570761552985,66.46006187114551
2025-08-28 08:00:00,35.20893937869419,24.73982955187479,0.455359549073039,18.074890941435683,23.820150063945142,36.28340639141108
2025-08-28 09:00:00,34.638123693349954,40.00465121862281,0.7979726877204165,21.914944923704642,28.720928551575174,80.4206965292788
2025-08-28 10:00:00,37.971271411517826,49.82831295814779,0.1798192043046969,20.706285700437316,27.107730417682806,62.95279940620868
2025-08-28 11:00:00,32.834593821140864,40.02412692779153,0.3343005950439508,9.347167600963997,26.33409198147701,52.23500859507
2025-08-28 12:00:00,26.395069896796457,36.35554675485462,0.4793490479701905,23.841036083158688,23.304388603649805,61.57127918990941
2025-08-28 13:00:00,26.79711588139412,19.229164995699513,0.17136223776916654,21.07698252728144,26.850305576344777,61.761898225026926
2025-08-28 14:00:00,34.50870094676002,20.290594279341583,0.46482911911358576,22.54134319837295,24.381336599501218,53.331512830484364
2025-08-28 15:00:00,26.848628432993525,41.86196495254839,0.8322940331456037,39.63118853218163,27.289028049628925,61.97916667342076
2025-08-28 16:00:00,24.307313259842534,21.080514871421176,0.5041772976591924,9.579435302507058,22.51533987441011,53.92527712379693
2025-08-28 17:00:00,36.596453415378456,34.088123250827984,0.5461401811437367,28.62348324880554,24.087155128102296,55.95638007309977
2025-08-28 18:00:00,31.17534173868717,44.45728315717775,0.24796704696548394,18.56276240299822,20.05021103723993,53.13720864244915
2025-08-28 19:00:00,57.559894828740326,63.12219492274693,0.3767277183921045,21.436644522015047,24.82496194996882,45.673287102603474
2025-08-28 20:00:00,0.0,0.0,0.4249607239352126,19.77243877349379,20.944995681855776,61.45836470215384
2025-08-28 21:00:00,51.37260277883693,73.02262622784777,0.43645698064875316,17.878818333009782,19.429767749190034,65.85299436516338
2025-08-28 22:00:00,53.69127788746444,47.25609558366301,0.7563287590007537,17.150835358806205,26.293305739276942,65.14883596076372
2025-08-28 23:00:00,3.89914651387776,13.177547794690131,0.6115382121450249,21.647543677865045,26.063698879288303,68.19925252635234
2025-08-29 00:00:00,29.859686088794767,30.429817337765613,0.2777084086125936,12.414131516641604,28.914368674742864,63.243402100148685
2025-08-29 01:00:00,29.428387010063126,32.11430979869569,0.549300955686401,23.75289583760883,22.844372152124507,54.67274501783096
2025-08-29 02:00:00,13.887324579232683,29.172008843358,0.5996443496993571,17.91902797557373,27.04026423418378,68.39663864431189
2025-08-29 03:00:00,23.33274968613687,28.41110724903311,0.7280298077042533,14.349653304798212,27.753987861368316,46.42482460158065
2025-08-29 04:00:00,18.341362318012568,23.724323108508898,0.8161081373136747,17.74993571002093,27.223869039157975,50.993286174875195
2025-08-29 05:00:00,61.28405665135434,72.00913002445236,0.2969811616344262,26.285746084312862,20.871731585989288,50.357999285767555
2025-08-29 06:00:00,49.035175897211914,45.38564860178306,0.33782849775793233,17.323324564918885,25.746817411355945,70.80056059139311
2025-08-29 07:00:00,54.07332642491238,45.68122975152232,0.24848442821707672,21.7922680910481,26.820701480273307,69.42788514140075
2025-08-29 08:00:00,45.82508096064853,35.37698902043819,0.4531960281786037,16.34521862142263,25.03589233453971,64.87305237044995
2025-08-29 09:00:00,18.06422343174156,0.0,0.5932716748892669,23.7896092496181,14.567611708144577,70.71929865211797
2025-08-29 10:00:00,27.132196005803394,47.694267305206616,0.6974669033178204,23.42753869395102,25.8024481198674,51.20717217588012
2025-08-29 11:00:00,42.34061841841877,31.30853476120194,0.4848097952714954,29.243044166482058,36.06265519698621,63.485951198609804
2025-08-29 12:00:00,16.668082866620818,14.455546630763099,0.4360304953490312,19.122180272503922,23.199803656215085,58.74825571616836
2025-08-29 13:00:00,45.69497645258582,42.92684345369661,0.5303515984497481,23.343274023789533,21.359614510723393,68.46882103884914
2025-08-29 14:00:00,31.395119027627974,34.46918600571898,0.33297141967399535,20.490337697694724,26.86674279855699,58.847757674478025
2025-08-29 15:00:00,29.377687886756036,37.535060012149,0.9179077443389547,26.47935890931507,26.561891052332857,56.15057111589919
2025-08-29 16:00:00,45.664399523052374,54.269134406649826,0.17846779457638823,16.40583806195635,30.96367582708207,65.4090851856099
2025-08-29 17:00:00,41.6639496722906,35.83317528660122,0.5369481157791449,23.725026564386404,18.71065922045556,68.76169167191233
2025-08-29 18:00:00,29.5855075127138,27.914290374849685,0.9047212438459279,19.026513519416593,28.65690126287496,53.31654805153198
2025-08-29 19:00:00,52.38994705046372,55.21574655534671,0.5013599689119995,19.679059114457512,27.952110306257318,59.38924328647624
2025-08-29 20:00:00,18.78405008600154,16.29713882416607,0.4619921929997011,20.458762422241865,24.28926731529727,49.41559366358347
2025-08-29 21:00:00,44.239034104163956,60.31248986436388,0.42851091543791453,21.261201982133386,26.69343658960845,35.019389825070604
2025-08-29 22:00:00,43.89651886952576,48.80626838590827,0.4639216636475184,19.41885478439021,30.147287407991787,62.00459631413729
2025-08-29 23:00:00,30.356803410290148,37.70558127078832,0.774569694935306,21.073565915852633,29.361576900142254,66.08905356254633
2025-08-30 00:00:00,39.89199533363177,46.52080802030589,0.057627617734098635,27.890590287810923,19.284903439631357,62.620668090867255
2025-08-30 01:00:00,16.233296354220457,27.968034929073706,0.8066867402592651,24.92724842807609,29.10079093377742,40.50438282245633
2025-08-30 02:00:00,48.860405288103514,50.670620875140585,0.21520856950997097,24.34577296248448,24.676556974837407,56.491505699235255
2025-08-30 03:00:00,32.22646795335516,19.258148473796695,0.44666953415311705,17.722302369880648,25.364370490077576,37.81652239948919
2025-08-30 04:00:00,27.159154692214408,31.156034209740824,0.41415111594026766,15.55379585885838,25.36598495500847,73.69701107654186
2025-08-30 05:00:00,50.73513838755334,44.221569449635055,0.6177106539541439,24.776502791188765,24.2487850560087,49.139454178819136
2025-08-30 06:00:00,24.43484464185861,19.148677824361044,0.18037512962325047,24.380233962648973,30.958537485535324,72.55403609459896
2025-08-30 07:00:00,13.873080554546604,19.736720742097535,0.5924345332163886,27.36335337875491,24.58141020075394,69.45869643684145
2025-08-30 08:00:00,11.650562397141442,24.0333931114778,0.9048619246573706,16.98009687015385,19.402269358084155,50.994096474639385
2025-08-30 09:00:00,44.0901492701846,44.30286503754521,0.22736519908143787,18.852256723198266,23.032350720151356,48.672150487322554
2025-08-30 10:00:00,15.793559712555755,18.881889838545394,0.5379412335220791,11.80257918737283,25.893473584052376,63.50370216386338
2025-08-30 11:00:00,61.32191272976547,78.34406217611786,0.3676035644406782,18.037644469695636,31.146073921485254,51.55675962816929
2025-08-30 12:00:00,3.7710588817441675,6.178590676629851,0.5851774412386072,24.982852552897235,28.01547342474417,61.024846421582076
2025-08-30 13:00:00,60.44684552435057,86.46367666615453,0.5038295554831504,17.66752310385901,20.74732360626478,55.17172409193082
2025-08-30 14:00:00,38.16526200803928,43.82035846435472,0.37170261819113803,23.20239897600412,37.425949583394456,42.18841585534366
2025-08-30 15:00:00,33.549303321944116,15.941675730385938,0.5975744569742147,19.047484470010943,26.3238765548899,37.695319808755414
2025-08-30 16:00:00,26.826213697865754,34.35962990891108,0.8608696219573486,21.620285141107804,31.376953689995073,62.26684248494597
2025-08-30 17:00:00,40.987041715281066,44.798625564108846,0.46181924165454025,14.261543050921663,24.241427832113853,54.38442253669375
2025-08-30 18:00:00,34.435479463627274,47.33300700445473,0.6439515884296364,20.426047248169507,27.666796223527246,54.469101830858676
2025-08-30 19:00:00,51.54952823024782,58.281341742947404,0.24134540842576724,5.044320145496384,29.197342522592024,66.95863839093785
2025-08-30 20:00:00,36.7134147299306,35.32885489009286,0.3087127246363982,19.065519209190075,31.09097355877128,71.73442276632444
2025-08-30 21:00:00,37.25452642192816,25.011544059034506,0.5944812555760755,11.8476337814243,30.286841526891124,57.27455278638191
2025-08-30 22:00:00,29.54581681679216,27.45558424393191,0.796823205707193,26.029972582734082,29.360985000364888,56.594012930901386
2025-08-30 23:00:00,34.14581564418399,25.64061110209099,0.571122669757132,23.887036763822557,23.424566344029458,65.00143033113883
2025-08-31 00:00:00,39.61702653338089,33.81179203533366,0.4373883938953691,22.333354909830405,22.14126979021969,46.43064430300424
2025-08-31 01:00:00,9.347474110150618,15.233258154356713,0.49985828108467084,27.6050311357969,26.663037551620988,62.23153054747697
2025-08-31 02:00:00,14.777218668414307,31.476263711928368,0.2499184532060565,15.255417395875813,29.665640361705346,65.51885971822153
2025-08-31 03:00:00,46.148961410340725,50.09567670857054,0.6209030652710734,28.736815989577792,23.886396496116966,66.80230208417629
2025-08-31 04:00:00,37.562981571919124,25.60415095156728,0.6764666124646819,24.660957821301924,30.325859828571932,40.63247297497535
2025-08-31 05:00:00,32.24024995470981,36.68627663691122,0.4095819334333839,18.81722356390527,32.263083727430896,52.38644730191059
2025-08-31 06:00:00,35.2765089959809,47.242823862437405,0.4059915704480997,25.67810073591472,20.418395404632903,51.217367471765336
2025-08-31 07:00:00,40.21372558042506,34.115896537231244,0.5531756459304097,14.468532437941828,20.815396481018603,60.99886954409213
2025-08-31 08:00:00,26.903604795359577,25.5634331286304,0.4126560527918809,15.877429192361632,24.298124705473317,64.80744579767983
2025-08-31 09:00:00,23.32542911896531,23.47231106625728,0.48677347707483554,16.9570513838015,26.538063340945982,74.96710407445981
2025-08-31 10:00:00,37.93767882646522,30.088695695642823,0.9199443578333031,17.355111459679925,22.377164931164746,55.05034519631927
2025-08-31 11:00:00,20.32440833577452,26.807212674213112,0.45059485985080067,14.717211786198735,31.76101339433572,55.024275016907865
2025-08-31 12:00:00,41.12379133571708,39.91430984963927,0.42833196959575554,26.115415335476627,27.120334307592255,71.49672018878746
2025-08-31 13:00:00,9.461245936432395,13.656570375502671,0.37049163887296815,18.70572799815084,25.197235241203696,62.96576938530305
2025-08-31 14:00:00,50.437334559884654,41.56241278186366,0.6488383942999874,21.762524841784398,17.82045238065736,72.67651511187974
2025-08-31 15:00:00,42.08896223619564,37.714379232961534,0.4637551653563794,17.148243167931597,18.420920917862464,62.88728003009836
2025-08-31 16:00:00,38.840446014708135,46.06425959298585,0.3701253923357148,10.896983497257414,26.405046251409033,48.42883381286729
2025-08-31 17:00:00,49.74036475918271,46.01203323826504,0.7642608064546024,21.35028679195711,14.337021869225818,46.668716452221936
2025-08-31 18:00:00,59.98211666693865,77.2517551792727,0.7839206009027275,10.438725122901115,30.063187048220357,44.48487750941071
2025-08-31 19:00:00,50.21555097527195,46.21918911912593,0.37991528685225895,19.656829769572656,24.209230778138398,66.62051834758473
2025-08-31 20:00:00,7.386886530025322,9.63373378754418,0.12669200972787675,13.158424805835947,41.215464847973664,71.88596823087008
2025-08-31 21:00:00,15.806345498964475,25.132253817695375,0.7015027379673844,29.936379996154038,36.539581253080556,78.4936214138638
2025-08-31 22:00:00,25.627721334564818,11.444064005234502,0.36307403484799916,24.556813610873608,24.092754653762416,68.4310533232324
2025-08-31 23:00:00,35.3913657531625,17.783277633354743,0.6581251198325537,20.528768956357403,24.468314987343426,71.62838577534986
